"J22843","GB","Nottingham","2015-12-02T13:20:12+00:00",811.67
"J05705","DE","Munich","2016-01-14T15:24:53+01:00",212.91
"950271","FR","Nice","2015-12-18T08:45:13+01:00",646.70
"618223","GB","Liverpool","2015-12-18T13:19:28+00:00",260.95
"J84595","IT","Bari","2015-12-20T08:17:40+01:00",276.77
"790802","GB","Bristol","2015-12-24T09:05:03+00:00",110.16
"J84595","GB","Glasgow","2015-12-03T09:49:08+00:00",415.15
"781516","ES","Málaga","2015-12-04T13:47:04+01:00",416.40
"538007","FR","Lyon","2016-01-22T12:39:26+01:00",532.13
"665648","ES","Madrid","2015-12-28T18:41:00+01:00",287.89
"37452","DE","Munich","2016-01-12T14:46:14+01:00",147.59
"113899","DE","Hanover","2015-12-07T14:22:58+01:00",125.56
"667848","GB","Glasgow","2016-01-08T08:52:44+00:00",597.02
"791371","DE","Stuttgart","2016-01-22T13:56:36+01:00",212.02
"790802","FR","Strasbourg","2015-12-27T09:19:33+01:00",79.56
"950271","IT","Venice-Padua","2016-01-06T13:19:43+01:00",596.95
"552581","BG","Plovdiv","2015-12-21T16:32:41+02:00",555.00
"318179","BG","Varna","2015-12-16T15:10:42+02:00",519.89
"G15163","DE","Stuttgart","2016-01-10T11:46:34+01:00",207.81
"153654","GB","Edinburgh","2016-01-14T10:00:42+00:00",753.19
"J22843","FR","Marseille","2016-01-12T15:50:16+01:00",586.21
"K41623","ES","Zaragoza","2015-12-21T10:49:37+01:00",407.04
"K81938","BG","Sofia","2015-12-24T14:38:10+02:00",31.79
"P46319","GB","Edinburgh","2016-01-08T17:13:05+00:00",397.35
"41975","GB","London","2015-12-10T09:27:49+00:00",614.38
"558128","IT","Catania","2015-12-11T17:24:05+01:00",255.70
"790821","GB","Liverpool","2015-12-02T15:44:07+00:00",320.18
"538003","BG","Sofia","2015-12-23T16:57:14+02:00",424.08
"790805","GB","Edinburgh","2016-01-04T20:13:28+00:00",765.09
"310372","GB","London","2015-12-27T17:48:55+00:00",84.58
"G02728","FR","Marseille","2016-01-17T16:16:01+01:00",460.10
"538352","DE","Duisburg","2015-12-04T20:57:05+01:00",95.03
"782204","GB","London","2016-01-10T12:45:14+00:00",753.28
"E73835","IT","Palermo","2015-12-18T12:45:36+01:00",65.64
"J84595","DE","Hanover","2015-12-18T11:59:31+01:00",230.64
"E81862","FR","Paris","2016-01-14T17:59:49+01:00",390.95
"607844","DE","Hanover","2016-01-03T16:09:55+01:00",116.50
"G02367","DE","Berlin","2016-01-17T09:23:47+01:00",302.88
"U44059","GB","London","2016-01-18T20:20:16+00:00",551.59
"791442","GB","Edinburgh","2015-12-06T17:49:51+00:00",300.96
"671507","GB","Edinburgh","2015-12-21T09:43:38+00:00",200.34
"34549","GB","Nottingham","2015-12-29T15:58:39+00:00",627.80
"E34909","DE","Bremen","2015-12-22T10:00:38+01:00",273.51
"667848","BG","Plovdiv","2015-12-14T14:45:52+02:00",374.80
"U43752","FR","Strasbourg","2016-01-19T15:43:10+01:00",624.43
"E17699","DE","Nuremberg","2015-12-04T12:30:40+01:00",32.88
"538009","DE","Bremen","2016-01-07T11:34:27+01:00",415.42
"558218","IT","Catania","2015-12-02T15:12:54+01:00",13.73
"32918","DE","Nuremberg","2016-01-14T20:33:51+01:00",74.97
"146541","ES","Seville","2016-01-19T14:11:44+01:00",64.51
"807426","FR","Bordeaux","2015-12-06T14:37:51+01:00",515.90
"RK17971","DE","Munich","2015-12-08T19:11:57+01:00",489.24
"549122","DE","Nuremberg","2015-12-16T14:54:09+01:00",300.89
"16589","DE","Munich","2015-12-26T09:02:49+01:00",404.79
"G15163","DE","Leipzig","2016-01-18T11:35:42+01:00",207.81
"G16908","GB","Nottingham","2015-12-01T13:25:55+00:00",765.20
"791442","BG","Veliko Tarnovo","2015-12-10T11:24:49+02:00",188.94
"41980","ES","Murcia","2016-01-22T16:24:26+01:00",12.48
"790903","DE","Hanover","2016-01-14T12:42:15+01:00",215.05
"790805","ES","Seville","2016-01-24T19:50:40+01:00",382.54
"790903","BG","Plovdiv","2016-01-13T19:18:11+02:00",243.01
"791442","DE","Hanover","2016-01-06T12:16:33+01:00",167.20
"RK17971","GB","Nottingham","2015-12-23T15:13:41+00:00",880.63
"617317","BG","Plovdiv","2016-01-10T18:53:14+02:00",535.94
"J84595","DE","Nuremberg","2015-12-16T17:27:20+01:00",230.64
"V39150","GB","Leeds","2015-12-28T15:08:50+00:00",197.77
"E73835","IT","Venice-Padua","2015-12-15T08:53:57+01:00",65.64
"658514","DE","Munich","2016-01-14T20:49:43+01:00",331.85
"618223","IT","Milan","2015-12-24T12:05:33+01:00",173.96
"V34848","BG","Sofia","2015-12-17T20:04:49+02:00",267.81
"U44197","ES","Madrid","2016-01-17T19:24:49+01:00",262.42
"682190","DE","Hanover","2016-01-24T13:22:37+01:00",420.12
"G16909","BG","Varna","2016-01-10T12:40:09+02:00",30.07
"113899","ES","Zaragoza","2016-01-08T10:08:55+01:00",113.00
"K41607","GB","Edinburgh","2016-01-04T17:48:28+00:00",59.29
"781526","FR","Strasbourg","2015-12-10T11:53:02+01:00",293.57
"507628","DE","Berlin","2015-12-02T15:11:26+01:00",325.61
"42102","DE","Frankfurt am Main","2015-12-02T09:43:43+01:00",195.76
"671507","DE","Hanover","2015-12-06T08:51:25+01:00",111.30
"612003","IT","Milan","2016-01-08T11:37:22+01:00",201.72
"41980","BG","Burgas","2016-01-08T18:28:24+02:00",15.67
"665648","DE","Leipzig","2015-12-07T11:23:04+01:00",319.88
"G00130","GB","Liverpool","2016-01-23T09:52:27+00:00",96.97
"608256","IT","Florence","2016-01-15T10:51:31+01:00",488.88
"749131","GB","Edinburgh","2015-12-15T11:53:08+00:00",163.51
"145958","BG","Burgas","2015-12-21T19:15:09+02:00",270.67
"J11328","FR","Nice","2016-01-07T14:42:09+01:00",545.26
"K81727","FR","Nice","2015-12-27T14:41:28+01:00",603.41
"682190","BG","Veliko Tarnovo","2016-01-12T14:00:41+02:00",474.74
"G02728","ES","Málaga","2016-01-23T18:00:23+01:00",318.53
"562319","FR","Toulouse","2015-12-24T10:37:12+01:00",227.23
"145958","GB","Manchester","2016-01-08T12:20:02+00:00",431.15
"X13062","DE","Hamburg","2015-12-28T12:27:45+01:00",107.19
"U43752","GB","Leeds","2015-12-02T20:08:55+00:00",864.59
"534120","ES","Seville","2015-12-02T19:46:48+01:00",260.74
"G02728","ES","Barcelona","2016-01-23T13:08:56+01:00",318.53
"614715","IT","Bari","2016-01-14T14:18:20+01:00",47.44
"E81862","GB","Edinburgh","2015-12-22T10:20:49+00:00",541.31
"462549","FR","Lyon","2015-12-31T18:50:08+01:00",364.95
"113899","BG","Sofia","2015-12-22T20:28:24+02:00",141.88
"538002","FR","Montpellier","2016-01-19T20:41:34+01:00",66.21
"652456","FR","Paris","2015-12-22T19:40:04+01:00",210.96
"658507","GB","Glasgow","2015-12-08T17:56:27+00:00",562.37
"616906","GB","London","2015-12-19T13:52:00+00:00",348.71
"635845","FR","Toulouse","2015-12-16T12:59:52+01:00",375.80
"G15933","BG","Sofia","2015-12-30T08:07:15+02:00",449.47
"781834","BG","Varna","2015-12-19T13:27:03+02:00",433.90
"382250","GB","Manchester","2016-01-04T16:11:15+00:00",246.53
"538352","ES","Madrid","2016-01-09T17:34:11+01:00",85.53
"E18480","IT","Venice-Padua","2015-12-16T15:20:23+01:00",540.76
"G16908","FR","Lyon","2016-01-11T19:26:13+01:00",552.64
"41975","FR","Bordeaux","2015-12-07T19:06:48+01:00",443.72
"89425","GB","Nottingham","2015-12-22T18:24:57+00:00",272.97
"57105","GB","Glasgow","2016-01-07T19:43:15+00:00",361.04
"807426","DE","Berlin","2015-12-27T16:12:40+01:00",396.85
"G02745","DE","Munich","2015-12-28T16:06:13+01:00",443.55
"538352","ES","Barcelona","2016-01-17T16:08:01+01:00",85.53
"42102","DE","Munich","2016-01-14T15:10:56+01:00",195.76
"G13433","ES","Madrid","2016-01-19T09:31:56+01:00",53.49
"X13062","IT","Bari","2015-12-06T19:33:59+01:00",128.63
"665648","FR","Nantes","2015-12-04T12:35:19+01:00",415.84
"661103","DE","Leipzig","2016-01-11T12:26:41+01:00",148.95
"J11328","GB","Bristol","2015-12-17T14:07:45+00:00",754.97
"U43752","FR","Nantes","2015-12-07T20:56:59+01:00",624.43
"G02142","DE","Leipzig","2015-12-14T20:17:45+01:00",65.01
"42102","BG","Ruse","2016-01-13T14:48:36+02:00",221.21
"113899","DE","Hanover","2016-01-18T15:19:56+01:00",125.56
"41982","FR","Nantes","2015-12-12T15:17:58+01:00",355.37
"G16909","GB","Liverpool","2016-01-24T13:36:21+00:00",47.90
"G18043","ES","Málaga","2016-01-10T14:36:08+01:00",318.47
"790802","DE","Hanover","2015-12-13T13:46:40+01:00",61.20
"41982","DE","Hamburg","2015-12-27T12:31:25+01:00",273.36
"K81938","DE","Dortmund","2016-01-19T17:14:30+01:00",28.13
"X13062","IT","Palermo","2016-01-13T18:53:12+01:00",128.63
"791442","BG","Ruse","2015-12-11T09:54:43+02:00",188.94
"532101","IT","Florence","2016-01-20T15:32:47+01:00",291.55
"15183","IT","Bari","2016-01-05T20:13:00+01:00",83.39
"658507","GB","Birmingham","2015-12-07T18:49:26+00:00",562.37
"694894","BG","Burgas","2015-12-03T19:13:53+02:00",548.99
"549122","BG","Sofia","2016-01-21T14:06:30+02:00",340.01
"G18043","FR","Lyon","2015-12-13T08:23:56+01:00",460.02
"749131","IT","Naples","2015-12-17T08:42:44+01:00",109.01
"G00132","FR","Bordeaux","2015-12-19T13:52:01+01:00",629.34
"793989","ES","Madrid","2015-12-30T09:53:48+01:00",158.16
"16157","DE","Leipzig","2015-12-21T19:13:55+01:00",182.58
"38687","GB","Liverpool","2016-01-13T19:48:17+00:00",35.51
"E81862","BG","Burgas","2015-12-07T12:01:24+02:00",339.82
"793989","FR","Toulouse","2016-01-12T19:54:51+01:00",228.45
"K41607","FR","Nantes","2016-01-23T18:58:29+01:00",42.82
"14932","IT","Florence","2015-12-19T19:36:52+01:00",241.02
"X13062","GB","Nottingham","2015-12-18T18:54:46+00:00",192.94
"R586340","IT","Rome","2016-01-14T15:16:37+01:00",364.82
"382250","DE","Duisburg","2015-12-20T18:57:45+01:00",136.96
"690673","ES","Barcelona","2016-01-05T13:27:55+01:00",276.08
"616734","GB","London","2016-01-20T19:41:57+00:00",657.70
"K82916","IT","Bari","2016-01-04T18:08:38+01:00",79.50
"J22843","GB","Birmingham","2015-12-13T14:57:14+00:00",811.67
"562319","GB","Nottingham","2015-12-06T10:55:22+00:00",314.62
"W07691","DE","Stuttgart","2016-01-09T15:03:33+01:00",128.57
"618223","DE","Leipzig","2016-01-16T14:47:19+01:00",144.97
"G13130","GB","Birmingham","2015-12-23T18:31:20+00:00",203.35
"805980","IT","Catania","2016-01-13T09:31:05+01:00",540.34
"G15208","DE","Düsseldorf","2015-12-17T09:18:34+01:00",41.06
"E81862","IT","Rome","2015-12-29T14:44:49+01:00",360.88
"807426","FR","Montpellier","2015-12-11T20:32:35+01:00",515.90
"99386","GB","Liverpool","2015-12-17T10:15:47+00:00",392.65
"41975","DE","Bremen","2015-12-04T16:54:28+01:00",341.32
"534120","ES","Barcelona","2015-12-16T09:10:29+01:00",260.74
"791419","DE","Hamburg","2015-12-01T09:32:04+01:00",492.46
"561729","FR","Strasbourg","2015-12-23T18:14:08+01:00",268.94
"G15208","FR","Bordeaux","2016-01-09T09:37:20+01:00",53.38
"G17628","ES","Bilbao","2015-12-04T10:43:42+01:00",395.14
"G02745","GB","Birmingham","2015-12-14T11:06:49+00:00",798.39
"K81938","FR","Nantes","2016-01-14T20:58:38+01:00",36.57
"146541","BG","Burgas","2016-01-19T11:55:19+02:00",81.00
"561712","DE","Bremen","2016-01-07T15:43:12+01:00",48.01
"K41607","FR","Toulouse","2015-12-05T13:49:09+01:00",42.82
"607844","IT","Bari","2015-12-11T08:17:50+01:00",139.80
"310372","IT","Venice-Padua","2015-12-18T14:00:05+01:00",56.39
"J84595","BG","Sofia","2015-12-29T08:38:18+02:00",260.62
"791371","FR","Nantes","2016-01-17T14:40:22+01:00",275.63
"X13062","ES","Murcia","2016-01-07T20:21:21+01:00",96.47
"676135","GB","Manchester","2015-12-04T19:37:33+00:00",491.40
"V39150","DE","Bremen","2016-01-08T10:16:07+01:00",109.87
"617317","IT","Bari","2016-01-06T13:18:02+01:00",569.14
"562319","FR","Montpellier","2016-01-13T09:52:16+01:00",227.23
"617165","FR","Montpellier","2015-12-02T17:45:41+01:00",174.98
"805980","GB","Manchester","2015-12-07T13:29:38+00:00",810.50
"617317","IT","Catania","2016-01-18T17:45:51+01:00",569.14
"617317","DE","Essen","2015-12-09T17:23:05+01:00",474.28
"V43493","DE","Hamburg","2015-12-30T09:33:08+01:00",117.53
"909192","IT","Catania","2015-12-03T16:36:30+01:00",48.86
"R586340","GB","Birmingham","2015-12-18T17:10:21+00:00",547.24
"614715","DE","Hanover","2015-12-27T19:23:32+01:00",39.53
"607844","GB","Nottingham","2016-01-19T12:31:49+00:00",209.70
"538007","IT","Palermo","2015-12-25T10:30:51+01:00",491.20
"909192","DE","Hanover","2015-12-02T19:23:18+01:00",40.72
"558128","GB","Leeds","2015-12-30T08:44:11+00:00",383.54
"561729","GB","Manchester","2016-01-13T16:04:34+00:00",372.38
"557428","GB","Nottingham","2015-12-20T14:10:11+00:00",481.36
"41980","BG","Pleven","2016-01-07T20:32:20+02:00",15.67
"549057","GB","Bristol","2016-01-05T20:29:18+00:00",639.18
"618223","GB","Glasgow","2015-12-03T19:14:51+00:00",260.95
"396559","GB","Liverpool","2016-01-13T11:50:46+00:00",857.16
"781516","FR","Bordeaux","2016-01-02T20:37:58+01:00",601.47
"G15933","IT","Naples","2016-01-08T14:39:28+01:00",477.31
"V34848","FR","Bordeaux","2015-12-02T11:21:26+01:00",308.10
"538352","FR","Paris","2015-12-06T20:24:49+01:00",123.54
"616906","BG","Veliko Tarnovo","2015-12-08T08:46:08+02:00",218.91
"44592","FR","Nice","2016-01-09T11:44:30+01:00",80.25
"370422","DE","Hamburg","2016-01-13T14:00:22+01:00",32.80
"557947","ES","Murcia","2016-01-05T17:25:38+01:00",417.19
"557947","ES","Madrid","2016-01-06T19:00:23+01:00",417.19
"665648","IT","Bari","2015-12-27T20:01:01+01:00",383.86
"41982","ES","Málaga","2015-12-22T20:53:16+01:00",246.02
"396559","ES","Seville","2016-01-09T13:32:42+01:00",428.58
"614715","GB","Manchester","2016-01-05T11:42:48+00:00",71.15
"38386","FR","Bordeaux","2016-01-01T18:10:06+01:00",132.69
"X35603","IT","Palermo","2015-12-07T09:43:53+01:00",261.74
"K41607","FR","Paris","2016-01-22T19:12:04+01:00",42.82
"617165","FR","Paris","2015-12-19T19:18:53+01:00",174.98
"X13062","DE","Frankfurt am Main","2015-12-19T12:02:55+01:00",107.19
"K81938","GB","Manchester","2015-12-06T13:25:50+00:00",50.63
"617165","GB","Manchester","2015-12-16T10:53:48+00:00",242.28
"G13130","BG","Burgas","2016-01-21T08:50:48+02:00",127.66
"40131","BG","Plovdiv","2015-12-27T10:25:39+02:00",551.88
"616906","DE","Berlin","2015-12-15T18:48:10+01:00",193.73
"661642","DE","Stuttgart","2015-12-17T15:59:18+01:00",291.35
"552581","IT","Venice-Padua","2015-12-31T19:11:11+01:00",589.38
"G15933","FR","Toulouse","2015-12-17T20:16:10+01:00",517.09
"G03721","BG","Sofia","2016-01-17T15:58:43+02:00",39.24
"658507","ES","Murcia","2015-12-31T08:36:39+01:00",281.19
"611975","ES","Valencia","2015-12-03T13:22:34+01:00",180.35
"G44619","DE","Munich","2016-01-17T15:41:50+01:00",375.45
"774776","BG","Ruse","2016-01-09T17:57:50+02:00",426.07
"K13579","IT","Naples","2016-01-22T10:00:15+01:00",142.25
"611975","BG","Plovdiv","2015-12-20T12:57:54+02:00",226.44
"791407","DE","Dortmund","2016-01-09T09:41:05+01:00",381.94
"V71388","BG","Plovdiv","2015-12-21T16:53:32+02:00",169.53
"G15163","BG","Plovdiv","2016-01-03T14:25:40+02:00",234.83
"RK17936","GB","Manchester","2015-12-02T09:15:18+00:00",819.95
"302357","DE","Cologne","2015-12-19T17:10:44+01:00",196.57
"V35987","DE","Hamburg","2016-01-07T15:32:34+01:00",72.91
"671507","IT","Bari","2015-12-21T19:05:20+01:00",133.56
"G02728","GB","Nottingham","2015-12-29T15:58:17+00:00",637.06
"553314","BG","Ruse","2015-12-29T11:50:27+02:00",433.98
"614715","BG","Varna","2015-12-04T11:42:19+02:00",44.67
"557947","DE","Dortmund","2016-01-05T13:19:29+01:00",463.54
"396559","BG","Burgas","2016-01-07T20:19:48+02:00",538.11
"38698","FR","Nantes","2015-12-22T19:28:53+01:00",262.43
"16589","FR","Montpellier","2015-12-23T16:01:50+01:00",526.23
"J84595","BG","Varna","2016-01-05T11:35:19+02:00",260.62
"41980","FR","Toulouse","2015-12-17T09:25:22+01:00",18.03
"14932","BG","Varna","2015-12-25T17:13:44+02:00",226.96
"K41607","BG","Burgas","2016-01-11T18:17:54+02:00",37.22
"113899","ES","Bilbao","2016-01-19T16:03:00+01:00",113.00
"J05334","BG","Veliko Tarnovo","2016-01-20T13:54:59+02:00",420.53
"37752","BG","Burgas","2016-01-10T14:09:37+02:00",490.97
"210481","ES","Murcia","2016-01-18T08:35:04+01:00",437.07
"532101","GB","Manchester","2016-01-05T15:07:44+00:00",437.33
"E34909","ES","Valencia","2015-12-03T15:31:46+01:00",246.16
"561712","ES","Barcelona","2015-12-31T09:45:30+01:00",43.21
"J05705","ES","Zaragoza","2015-12-24T12:04:54+01:00",191.62
"153775","IT","Palermo","2015-12-30T13:49:01+01:00",547.68
"218962","FR","Nice","2016-01-10T13:08:49+01:00",396.59
"K13579","IT","Milan","2015-12-20T15:57:57+01:00",142.25
"V39150","FR","Nice","2015-12-15T15:32:05+01:00",142.83
"774776","IT","Florence","2015-12-27T11:34:35+01:00",452.46
"318179","BG","Burgas","2016-01-16T12:22:22+02:00",519.89
"557428","DE","Dortmund","2016-01-09T19:03:33+01:00",267.42
"U43902","BG","Burgas","2016-01-24T20:35:35+02:00",272.71
"612003","BG","Pleven","2015-12-25T11:24:20+02:00",189.95
"57105","IT","Palermo","2016-01-12T08:30:58+01:00",240.70
"774776","IT","Florence","2016-01-13T08:28:32+01:00",452.46
"617317","IT","Florence","2016-01-01T16:06:56+01:00",569.14
"545187","GB","Edinburgh","2015-12-26T12:50:07+00:00",629.96
"K81727","FR","Montpellier","2015-12-01T15:43:28+01:00",603.41
"K81938","DE","Nuremberg","2016-01-24T08:49:31+01:00",28.13
"44592","IT","Venice-Padua","2016-01-19T15:48:19+01:00",74.08
"K41607","IT","Naples","2016-01-06T20:58:49+01:00",39.53
"E85243","DE","Dortmund","2015-12-16T08:23:05+01:00",225.55
"552583","IT","Milan","2016-01-24T12:43:22+01:00",64.63
"694894","DE","Stuttgart","2015-12-29T18:29:46+01:00",485.83
"383914","ES","Málaga","2016-01-02T09:58:38+01:00",256.10
"R586340","BG","Pleven","2016-01-06T17:51:50+02:00",343.54
"38386","ES","Madrid","2016-01-12T12:17:27+01:00",91.86
"41980","DE","Essen","2016-01-07T20:20:15+01:00",13.87
"537990","BG","Ruse","2015-12-10T18:46:25+02:00",231.84
"561712","ES","Murcia","2015-12-11T17:14:05+01:00",43.21
"644483","GB","Manchester","2015-12-10T19:58:18+00:00",415.67
"568093","BG","Veliko Tarnovo","2015-12-20T11:08:52+02:00",480.54
"U44059","ES","Zaragoza","2016-01-12T16:45:51+01:00",275.80
"665648","DE","Dortmund","2016-01-16T12:59:18+01:00",319.88
"K82916","BG","Pleven","2016-01-01T10:09:30+02:00",74.86
"38687","IT","Palermo","2015-12-05T18:00:57+01:00",23.68
"618223","IT","Naples","2015-12-29T14:05:47+01:00",173.96
"K41607","DE","Berlin","2015-12-05T13:54:26+01:00",32.94
"G17598","FR","Montpellier","2015-12-04T17:51:29+01:00",225.32
"557947","FR","Nantes","2015-12-13T20:04:39+01:00",602.60
"G16908","IT","Florence","2015-12-18T11:15:46+01:00",510.13
"676135","GB","Birmingham","2016-01-01T15:06:35+00:00",491.40
"30385","IT","Florence","2015-12-24T17:39:47+01:00",440.98
"K82916","BG","Burgas","2015-12-04T12:22:14+02:00",74.86
"J84595","ES","Seville","2016-01-19T08:52:32+01:00",207.58
"557947","GB","Nottingham","2016-01-10T08:32:21+00:00",834.37
"41975","GB","Liverpool","2016-01-22T18:51:08+00:00",614.38
"790802","ES","Madrid","2016-01-05T12:00:00+01:00",55.08
"534116","DE","Nuremberg","2016-01-24T14:56:22+01:00",339.59
"782204","IT","Venice-Padua","2015-12-26T14:51:22+01:00",502.19
"37452","DE","Frankfurt am Main","2016-01-08T08:05:22+01:00",147.59
"791419","FR","Toulouse","2016-01-17T16:56:40+01:00",640.20
"32858","FR","Toulouse","2015-12-29T19:09:51+01:00",392.47
"E18480","IT","Palermo","2016-01-06T19:30:25+01:00",540.76
"302357","FR","Marseille","2015-12-07T09:03:24+01:00",255.54
"793989","DE","Duisburg","2015-12-03T10:49:27+01:00",175.73
"507628","DE","Cologne","2016-01-18T19:07:22+01:00",325.61
"44592","FR","Strasbourg","2015-12-28T17:38:46+01:00",80.25
"790805","DE","Leipzig","2016-01-13T12:13:28+01:00",425.05
"665648","FR","Nice","2016-01-13T13:18:39+01:00",415.84
"396559","FR","Marseille","2016-01-10T10:16:43+01:00",619.06
"873335","DE","Dortmund","2016-01-04T12:36:23+01:00",476.18
"U44197","IT","Bari","2015-12-05T08:17:09+01:00",349.90
"807426","GB","London","2016-01-13T09:05:04+00:00",714.33
"676133","ES","Málaga","2015-12-01T15:46:49+01:00",210.46
"X13062","ES","Seville","2015-12-23T12:44:04+01:00",96.47
"J84595","BG","Plovdiv","2015-12-10T14:39:14+02:00",260.62
"16589","GB","Glasgow","2016-01-14T20:04:28+00:00",728.62
"608256","GB","Nottingham","2015-12-26T12:30:07+00:00",733.32
"781834","FR","Marseille","2015-12-08T15:35:23+01:00",499.17
"561712","IT","Milan","2015-12-26T10:54:55+01:00",57.61
"805980","FR","Nantes","2015-12-31T09:04:49+01:00",585.36
"382250","GB","Bristol","2016-01-02T10:52:08+00:00",246.53
"G03721","IT","Palermo","2016-01-20T12:58:04+01:00",41.68
"K11489","DE","Frankfurt am Main","2015-12-03T17:06:43+01:00",184.11
"K81938","IT","Florence","2015-12-13T20:02:53+01:00",33.76
"790802","DE","Leipzig","2015-12-22T20:00:06+01:00",61.20
"146541","ES","Madrid","2015-12-03T10:41:20+01:00",64.51
"658507","DE","Cologne","2015-12-16T20:26:16+01:00",312.43
"616906","BG","Pleven","2016-01-11T14:36:40+02:00",218.91
"X12277","GB","Edinburgh","2015-12-19T10:49:53+00:00",332.80
"41982","DE","Düsseldorf","2015-12-17T15:16:34+01:00",273.36
"RK17936","BG","Veliko Tarnovo","2016-01-17T14:47:47+02:00",514.75
"G15163","ES","Bilbao","2016-01-07T15:05:16+01:00",187.03
"G00130","DE","Düsseldorf","2016-01-24T14:38:46+01:00",53.87
"538003","IT","Catania","2015-12-27T15:28:04+01:00",450.35
"538003","IT","Florence","2016-01-05T16:29:41+01:00",450.35
"67249","ES","Zaragoza","2016-01-06T15:28:39+01:00",367.88
"618034","FR","Marseille","2016-01-17T17:23:38+01:00",137.55
"J84595","IT","Catania","2016-01-23T17:46:08+01:00",276.77
"16157","BG","Burgas","2016-01-01T13:49:03+02:00",206.32
"G02745","FR","Toulouse","2016-01-12T13:24:57+01:00",576.62
"G00132","IT","Milan","2016-01-19T18:06:11+01:00",580.93
"40131","DE","Dortmund","2015-12-21T20:37:26+01:00",488.39
"J04008","ES","Barcelona","2016-01-01T16:36:08+01:00",77.76
"34549","DE","Leipzig","2015-12-01T09:24:01+01:00",348.78
"652456","BG","Burgas","2016-01-19T10:32:15+02:00",183.38
"37452","DE","Dortmund","2016-01-01T20:39:50+01:00",147.59
"652456","GB","Liverpool","2016-01-21T18:50:20+00:00",292.10
"X35603","FR","Lyon","2016-01-08T10:51:01+01:00",283.56
"532101","IT","Bari","2016-01-17T17:50:05+01:00",291.55
"34549","GB","Manchester","2015-12-14T16:23:16+00:00",627.80
"U44059","ES","Seville","2015-12-28T20:58:38+01:00",275.80
"G02142","FR","Bordeaux","2015-12-16T08:46:19+01:00",84.51
"617317","IT","Naples","2015-12-02T18:04:55+01:00",569.14
"89425","IT","Venice-Padua","2015-12-15T13:33:37+01:00",181.98
"552583","IT","Florence","2015-12-30T10:58:32+01:00",64.63
"545182","GB","Bristol","2016-01-18T09:02:04+00:00",299.18
"G03721","BG","Ruse","2015-12-18T13:16:06+02:00",39.24
"791419","ES","Zaragoza","2016-01-07T19:13:27+01:00",443.21
"K41607","BG","Varna","2015-12-20T13:33:53+02:00",37.22
"G12702","ES","Seville","2015-12-15T10:55:40+01:00",144.50
"41982","DE","Düsseldorf","2016-01-12T18:48:34+01:00",273.36
"873335","DE","Düsseldorf","2015-12-05T14:44:13+01:00",476.18
"J22843","GB","London","2015-12-04T12:08:00+00:00",811.67
"E81862","GB","Edinburgh","2015-12-04T09:06:43+00:00",541.31
"618577","BG","Pleven","2015-12-07T12:35:25+02:00",462.46
"J87884","BG","Pleven","2015-12-29T09:08:22+02:00",533.34
"607844","ES","Valencia","2016-01-11T10:44:42+01:00",104.85
"J04445","GB","Manchester","2016-01-20T15:46:22+00:00",731.30
"617165","IT","Venice-Padua","2016-01-09T16:13:45+01:00",161.52
"146546","FR","Nice","2016-01-11T19:10:48+01:00",279.46
"618223","FR","Bordeaux","2015-12-10T18:46:00+01:00",188.46
"G00132","FR","Paris","2015-12-17T19:01:11+01:00",629.34
"32858","DE","Frankfurt am Main","2015-12-05T19:48:14+01:00",301.90
"U43902","FR","Bordeaux","2015-12-07T11:01:58+01:00",313.74
"32918","FR","Marseille","2016-01-09T10:14:47+01:00",97.46
"E81862","GB","London","2015-12-06T12:58:10+00:00",541.31
"G15933","BG","Burgas","2015-12-14T18:39:19+02:00",449.47
"U43902","FR","Montpellier","2015-12-24T20:09:33+01:00",313.74
"658514","BG","Veliko Tarnovo","2015-12-30T14:49:54+02:00",374.99
"617317","DE","Hanover","2015-12-11T17:02:57+01:00",474.28
"537998","GB","Birmingham","2015-12-02T18:20:20+00:00",886.99
"682190","BG","Veliko Tarnovo","2015-12-22T09:31:16+02:00",474.74
"562319","DE","Nuremberg","2015-12-27T11:39:37+01:00",174.79
"146546","DE","Nuremberg","2016-01-18T14:49:01+01:00",214.97
"538007","GB","Bristol","2015-12-14T12:36:37+00:00",736.79
"E18480","DE","Bremen","2015-12-18T17:57:49+01:00",450.63
"382250","FR","Lyon","2016-01-10T17:00:24+01:00",178.05
"652456","GB","Glasgow","2015-12-09T13:47:17+00:00",292.10
"40131","GB","Nottingham","2015-12-23T12:11:08+00:00",879.10
"537998","DE","Bremen","2016-01-10T17:18:34+01:00",492.77
"G02367","BG","Ruse","2015-12-12T12:39:03+02:00",342.25
"153775","IT","Florence","2015-12-11T16:47:28+01:00",547.68
"38698","ES","Madrid","2016-01-06T09:37:44+01:00",181.68
"P46319","ES","Seville","2015-12-07T08:31:35+01:00",198.68
"805980","GB","Leeds","2016-01-09T08:22:09+00:00",810.50
"E81862","DE","Stuttgart","2015-12-08T13:51:14+01:00",300.73
"607844","IT","Palermo","2015-12-14T20:00:24+01:00",139.80
"618577","DE","Nuremberg","2015-12-10T09:43:49+01:00",409.26
"16157","BG","Pleven","2016-01-04T11:44:03+02:00",206.32
"57105","DE","Leipzig","2016-01-17T09:53:18+01:00",200.58
"42102","FR","Marseille","2016-01-04T09:27:33+01:00",254.49
"383914","DE","Hamburg","2016-01-23T20:48:34+01:00",284.55
"538009","DE","Duisburg","2015-12-06T10:07:33+01:00",415.42
"557428","ES","Bilbao","2015-12-06T14:50:24+01:00",240.68
"790802","IT","Bari","2016-01-13T17:46:27+01:00",73.44
"790809","IT","Palermo","2015-12-27T19:20:23+01:00",261.68
"V43438","ES","Seville","2015-12-15T09:16:01+01:00",19.53
"616906","BG","Ruse","2016-01-23T13:49:42+02:00",218.91
"30385","GB","Liverpool","2016-01-20T11:27:54+00:00",661.46
"538007","FR","Marseille","2015-12-28T09:20:07+01:00",532.13
"G02728","ES","Zaragoza","2015-12-31T14:17:36+01:00",318.53
"538007","GB","Liverpool","2015-12-09T08:48:46+00:00",736.79
"538352","ES","Seville","2015-12-06T12:48:17+01:00",85.53
"34549","IT","Naples","2015-12-02T18:55:03+01:00",418.54
"W07691","IT","Florence","2015-12-16T20:59:14+01:00",154.28
"E81862","BG","Varna","2016-01-09T16:30:58+02:00",339.82
"E85243","BG","Veliko Tarnovo","2015-12-15T19:19:45+02:00",254.87
"644483","IT","Bari","2016-01-07T17:53:25+01:00",277.12
"V39150","FR","Toulouse","2015-12-03T14:13:11+01:00",142.83
"749131","GB","London","2015-12-27T20:04:47+00:00",163.51
"40131","DE","Hamburg","2015-12-21T08:05:45+01:00",488.39
"618577","ES","Bilbao","2015-12-27T19:11:54+01:00",368.33
"552581","IT","Bari","2016-01-22T15:09:39+01:00",589.38
"507628","DE","Essen","2015-12-12T19:51:21+01:00",325.61
"658514","DE","Hanover","2016-01-13T11:13:47+01:00",331.85
"462549","GB","Nottingham","2016-01-06T20:05:20+00:00",505.31
"42259","BG","Sofia","2015-12-06T17:58:41+02:00",209.94
"K41607","GB","Edinburgh","2016-01-11T12:24:52+00:00",59.29
"661642","GB","Nottingham","2016-01-03T15:11:38+00:00",524.43
"34549","FR","Strasbourg","2016-01-06T12:23:44+01:00",453.41
"E17699","BG","Ruse","2015-12-01T19:11:42+02:00",37.15
"635845","FR","Toulouse","2016-01-02T18:33:22+01:00",375.80
"E85243","ES","Barcelona","2015-12-25T12:48:32+01:00",203.00
"537998","BG","Sofia","2015-12-02T10:57:54+02:00",556.83
"790802","FR","Bordeaux","2015-12-23T16:21:04+01:00",79.56
"U43902","GB","Glasgow","2015-12-30T15:56:59+00:00",434.41
"558218","DE","Leipzig","2015-12-20T17:05:58+01:00",11.44
"57105","ES","Madrid","2015-12-22T19:05:06+01:00",180.52
"507813","FR","Toulouse","2015-12-27T14:58:50+01:00",244.80
"G16909","BG","Plovdiv","2016-01-09T15:24:19+02:00",30.07
"153775","ES","Bilbao","2016-01-20T13:17:41+01:00",410.76
"652456","IT","Catania","2016-01-24T09:29:47+01:00",194.74
"P93519","GB","Manchester","2015-12-27T19:48:50+00:00",635.81
"612003","BG","Varna","2016-01-23T12:44:13+02:00",189.95
"538005","DE","Hamburg","2015-12-16T15:48:27+01:00",221.43
"553314","IT","Venice-Padua","2015-12-27T12:15:36+01:00",460.86
"37752","GB","Edinburgh","2016-01-07T13:08:59+00:00",782.08
"153775","IT","Venice-Padua","2016-01-08T11:02:53+01:00",547.68
"G02728","IT","Florence","2015-12-27T11:25:13+01:00",424.70
"J84595","ES","Murcia","2016-01-11T15:47:50+01:00",207.58
"552583","DE","Hamburg","2016-01-19T15:20:36+01:00",53.86
"J04077","IT","Milan","2016-01-22T09:37:19+01:00",246.96
"537988","GB","Manchester","2016-01-05T13:36:54+00:00",696.67
"J84595","ES","Seville","2015-12-05T13:58:07+01:00",207.58
"J04077","GB","Bristol","2015-12-11T15:24:44+00:00",370.44
"781526","DE","Berlin","2015-12-31T18:23:01+01:00",225.82
"538002","ES","Bilbao","2016-01-07T08:26:32+01:00",45.84
"E18480","ES","Seville","2016-01-20T11:15:13+01:00",405.57
"562319","GB","Liverpool","2015-12-10T15:20:30+00:00",314.62
"38386","FR","Toulouse","2015-12-15T11:29:50+01:00",132.69
"538352","DE","Nuremberg","2015-12-27T09:16:07+01:00",95.03
"61016","DE","Dortmund","2015-12-06T13:36:44+01:00",452.55
"U44197","DE","Hanover","2015-12-09T11:47:54+01:00",291.58
"J04077","DE","Munich","2015-12-31T17:13:07+01:00",205.80
"538005","DE","Nuremberg","2015-12-01T18:48:37+01:00",221.43
"617317","BG","Ruse","2016-01-01T18:41:16+02:00",535.94
"145958","GB","Edinburgh","2015-12-19T13:20:38+00:00",431.15
"545182","FR","Montpellier","2016-01-22T20:43:13+01:00",216.07
"658514","ES","Barcelona","2015-12-07T17:23:12+01:00",298.66
"J22843","ES","Zaragoza","2015-12-26T14:53:39+01:00",405.84
"558218","ES","Málaga","2016-01-19T13:07:52+01:00",10.30
"G17628","DE","Cologne","2016-01-08T17:33:04+01:00",439.04
"538352","DE","Düsseldorf","2015-12-18T20:50:21+01:00",95.03
"383914","BG","Varna","2016-01-14T14:41:35+02:00",321.54
"310372","GB","Bristol","2015-12-21T19:15:58+00:00",84.58
"J11328","GB","Leeds","2015-12-23T16:27:26+00:00",754.97
"534120","DE","Munich","2016-01-17T12:13:10+01:00",289.71
"G02142","FR","Nantes","2015-12-14T14:24:17+01:00",84.51
"532101","DE","Dortmund","2015-12-31T16:11:04+01:00",242.96
"G00130","IT","Naples","2016-01-11T17:16:31+01:00",64.64
"E18480","FR","Montpellier","2015-12-11T09:27:48+01:00",585.82
"791442","BG","Ruse","2016-01-06T15:15:01+02:00",188.94
"614715","FR","Marseille","2015-12-13T11:39:43+01:00",51.39
"534116","GB","Leeds","2015-12-07T16:37:27+00:00",611.26
"302357","GB","Birmingham","2016-01-24T09:33:57+00:00",353.83
"K13579","BG","Ruse","2016-01-12T20:17:33+02:00",133.95
"682190","GB","Liverpool","2015-12-04T10:21:09+00:00",756.22
"537998","FR","Nice","2015-12-25T14:44:42+01:00",640.60
"J22843","ES","Barcelona","2016-01-04T20:43:02+01:00",405.84
"V39150","DE","Dortmund","2015-12-28T19:20:05+01:00",109.87
"J04008","DE","Düsseldorf","2016-01-14T08:27:34+01:00",86.40
"396559","GB","Manchester","2015-12-30T08:48:31+00:00",857.16
"741823","FR","Lyon","2015-12-11T11:49:11+01:00",426.87
"G02745","DE","Hanover","2015-12-24T09:14:18+01:00",443.55
"42259","DE","Stuttgart","2015-12-31T19:17:16+01:00",185.79
"38687","ES","Murcia","2016-01-05T18:47:53+01:00",17.76
"545183","DE","Nuremberg","2015-12-04T19:04:32+01:00",277.22
"G44619","DE","Düsseldorf","2016-01-06T16:03:29+01:00",375.45
"J87884","FR","Montpellier","2015-12-10T16:16:05+01:00",613.57
"537990","ES","Zaragoza","2016-01-17T11:45:38+01:00",184.65
"790802","DE","Duisburg","2015-12-19T19:59:57+01:00",61.20
"G15933","IT","Venice-Padua","2015-12-13T16:14:40+01:00",477.31
"G16909","ES","Málaga","2016-01-21T12:49:49+01:00",23.95
"E17699","DE","Stuttgart","2015-12-05T15:23:04+01:00",32.88
"G02729","BG","Varna","2015-12-08T14:51:51+02:00",364.26
"749131","GB","Edinburgh","2015-12-30T18:32:49+00:00",163.51
"J05705","GB","London","2015-12-12T09:22:51+00:00",383.24
"U43902","DE","Munich","2015-12-31T09:17:44+01:00",241.34
"16157","DE","Duisburg","2016-01-16T14:12:44+01:00",182.58
"676135","IT","Venice-Padua","2016-01-24T16:05:37+01:00",327.60
"618034","DE","Essen","2016-01-15T11:51:32+01:00",105.81
"14932","BG","Burgas","2016-01-24T18:53:34+02:00",226.96
"557947","GB","Manchester","2016-01-02T11:54:33+00:00",834.37
"29604","IT","Naples","2016-01-14T12:01:00+01:00",220.32
"E81862","FR","Toulouse","2016-01-01T16:04:58+01:00",390.95
"J84595","GB","Bristol","2015-12-30T17:56:40+00:00",415.15
"652456","BG","Veliko Tarnovo","2016-01-14T10:27:18+02:00",183.38
"618223","DE","Düsseldorf","2016-01-10T09:50:43+01:00",144.97
"665648","ES","Murcia","2016-01-07T17:45:52+01:00",287.89
"612003","DE","Bremen","2015-12-12T13:09:44+01:00",168.10
"616734","BG","Burgas","2016-01-13T08:04:51+02:00",412.89
"310372","DE","Dortmund","2016-01-08T09:44:05+01:00",46.99
"J04077","DE","Nuremberg","2016-01-17T10:03:59+01:00",205.80
"38687","GB","Leeds","2016-01-10T13:33:21+00:00",35.51
"P93519","FR","Lyon","2016-01-21T15:59:13+01:00",459.20
"558218","ES","Barcelona","2016-01-03T20:29:32+01:00",10.30
"614715","IT","Bari","2015-12-03T13:42:14+01:00",47.44
"E85234","ES","Madrid","2015-12-21T19:12:43+01:00",43.42
"G16909","FR","Nantes","2015-12-07T18:08:27+01:00",34.59
"618891","GB","Edinburgh","2015-12-08T19:35:59+00:00",80.68
"89425","DE","Berlin","2016-01-09T16:41:39+01:00",151.65
"552583","DE","Düsseldorf","2016-01-21T14:12:59+01:00",53.86
"538009","DE","Bremen","2016-01-20T15:34:12+01:00",415.42
"614715","GB","Bristol","2016-01-07T13:10:23+00:00",71.15
"E34909","GB","Bristol","2016-01-03T12:05:10+00:00",492.32
"E34909","IT","Naples","2016-01-21T12:32:53+01:00",328.21
"561488","IT","Rome","2016-01-11T09:44:48+01:00",175.96
"549057","ES","Valencia","2015-12-04T20:57:32+01:00",319.59
"791407","ES","Málaga","2015-12-05T17:31:35+01:00",343.75
"J05334","DE","Hanover","2015-12-10T20:53:06+01:00",372.15
"618891","DE","Leipzig","2016-01-05T14:20:15+01:00",44.82
"X13062","IT","Venice-Padua","2016-01-21T15:06:21+01:00",128.63
"537988","IT","Catania","2016-01-16T14:14:28+01:00",464.45
"V43438","GB","Nottingham","2015-12-07T08:17:56+00:00",39.06
"G00130","BG","Veliko Tarnovo","2016-01-13T09:43:49+02:00",60.87
"113899","DE","Nuremberg","2015-12-10T13:33:45+01:00",125.56
"807426","FR","Toulouse","2015-12-29T09:02:30+01:00",515.90
"781526","FR","Strasbourg","2016-01-20T19:49:03+01:00",293.57
"749131","FR","Toulouse","2016-01-01T13:21:10+01:00",118.09
"89425","IT","Bari","2016-01-13T08:29:11+01:00",181.98
"40131","FR","Strasbourg","2015-12-31T13:10:48+01:00",634.91
"611975","IT","Milan","2016-01-06T15:50:06+01:00",240.47
"J04077","GB","Birmingham","2015-12-18T11:31:31+00:00",370.44
"29604","ES","Murcia","2016-01-23T19:14:08+01:00",165.24
"G15163","DE","Stuttgart","2015-12-25T19:03:50+01:00",207.81
"549057","ES","Bilbao","2015-12-08T12:47:02+01:00",319.59
"K13579","DE","Frankfurt am Main","2016-01-08T20:22:06+01:00",118.54
"383914","DE","Cologne","2015-12-28T19:07:27+01:00",284.55
"K41623","FR","Paris","2015-12-27T17:45:40+01:00",587.95
"E34909","DE","Nuremberg","2015-12-09T18:26:45+01:00",273.51
"661103","BG","Sofia","2015-12-15T08:35:17+02:00",168.31
"805980","DE","Frankfurt am Main","2016-01-05T10:36:47+01:00",450.28
"G15163","GB","Birmingham","2015-12-25T18:50:25+00:00",374.06
"618577","GB","Birmingham","2016-01-17T09:13:35+00:00",736.67
"E81862","ES","Málaga","2016-01-05T10:04:05+01:00",270.66
"G02367","FR","Nice","2016-01-20T08:22:53+01:00",393.74
"781834","GB","Liverpool","2015-12-28T18:10:28+00:00",691.16
"873335","BG","Burgas","2015-12-09T14:50:56+02:00",538.08
"671507","IT","Milan","2015-12-23T09:30:50+01:00",133.56
"G16909","FR","Bordeaux","2016-01-10T11:47:10+01:00",34.59
"89425","FR","Strasbourg","2015-12-06T08:35:20+01:00",197.14
"G15208","FR","Nice","2015-12-27T14:40:40+01:00",53.38
"E85234","IT","Milan","2016-01-04T17:42:10+01:00",57.90
"38698","IT","Palermo","2016-01-23T13:18:25+01:00",242.24
"G18043","DE","Frankfurt am Main","2016-01-19T10:24:55+01:00",353.86
"618223","DE","Dortmund","2016-01-17T17:45:12+01:00",144.97
"44592","DE","Essen","2015-12-16T15:20:40+01:00",61.73
"RK17936","DE","Leipzig","2015-12-29T20:33:43+01:00",455.53
"146546","IT","Naples","2016-01-15T14:07:02+01:00",257.96
"302357","IT","Rome","2016-01-06T10:59:29+01:00",235.88
"618034","FR","Nice","2016-01-05T19:41:56+01:00",137.55
"635845","DE","Cologne","2016-01-21T17:04:43+01:00",289.08
"612003","FR","Bordeaux","2015-12-08T08:46:18+01:00",218.53
"791442","IT","Venice-Padua","2016-01-15T14:16:32+01:00",200.64
"G12702","FR","Lyon","2015-12-23T10:26:04+01:00",208.72
"42102","BG","Burgas","2016-01-20T15:11:39+02:00",221.21
"791419","GB","Leeds","2015-12-10T11:59:14+00:00",886.43
"J11328","IT","Florence","2015-12-03T18:51:10+01:00",503.32
"549057","BG","Burgas","2016-01-11T14:23:13+02:00",401.26
"661103","DE","Bremen","2016-01-09T10:16:38+01:00",148.95
"RK17971","IT","Palermo","2015-12-20T20:14:47+01:00",587.09
"950271","GB","Leeds","2015-12-04T12:26:57+00:00",895.43
"42102","FR","Montpellier","2015-12-16T09:49:00+01:00",254.49
"538003","DE","Cologne","2016-01-17T11:26:38+01:00",375.29
"534116","ES","Barcelona","2016-01-09T20:38:07+01:00",305.63
"790821","FR","Strasbourg","2015-12-27T17:58:01+01:00",231.24
"607844","FR","Marseille","2015-12-23T16:34:11+01:00",151.45
"E81862","DE","Bremen","2016-01-01T20:31:54+01:00",300.73
"E17699","FR","Paris","2015-12-12T18:28:00+01:00",42.74
"676133","ES","Valencia","2016-01-24T11:03:13+01:00",210.46
"37752","IT","Venice-Padua","2016-01-01T12:15:42+01:00",521.39
"676135","DE","Munich","2016-01-24T15:28:48+01:00",273.00
"E73835","FR","Toulouse","2015-12-20T08:53:05+01:00",71.11
"210481","DE","Frankfurt am Main","2016-01-17T09:53:48+01:00",485.63
"41980","FR","Lyon","2015-12-29T11:37:37+01:00",18.03
"G15163","DE","Berlin","2016-01-06T17:54:33+01:00",207.81
"644483","BG","Sofia","2016-01-13T19:55:25+02:00",260.95
"607844","IT","Catania","2015-12-16T20:32:14+01:00",139.80
"552581","IT","Rome","2016-01-22T20:13:54+01:00",589.38
"41975","GB","Birmingham","2016-01-01T18:08:29+00:00",614.38
"607844","DE","Dortmund","2015-12-29T20:53:20+01:00",116.50
"U44197","DE","Cologne","2016-01-11T10:20:32+01:00",291.58
"534116","FR","Bordeaux","2016-01-20T12:19:59+01:00",441.47
"553314","IT","Catania","2015-12-14T13:05:11+01:00",460.86
"38698","FR","Marseille","2015-12-08T09:17:25+01:00",262.43
"15183","DE","Frankfurt am Main","2016-01-18T12:11:31+01:00",69.49
"G18043","ES","Seville","2016-01-12T16:29:06+01:00",318.47
"RK17971","BG","Veliko Tarnovo","2016-01-04T20:07:45+02:00",552.84
"U43902","DE","Frankfurt am Main","2015-12-29T18:23:55+01:00",241.34
"658507","DE","Frankfurt am Main","2015-12-03T11:39:12+01:00",312.43
"568093","ES","Murcia","2016-01-10T17:29:42+01:00",382.73
"153654","DE","Stuttgart","2015-12-12T16:28:47+01:00",418.44
"O12998","IT","Catania","2015-12-10T17:46:48+01:00",223.00
"791419","DE","Dortmund","2015-12-11T14:01:24+01:00",492.46
"901799","IT","Rome","2015-12-09T12:30:57+01:00",506.64
"14932","BG","Varna","2015-12-24T20:03:55+02:00",226.96
"J87884","GB","Manchester","2016-01-13T14:09:49+00:00",849.56
"G15163","DE","Frankfurt am Main","2015-12-19T14:06:06+01:00",207.81
"RK17936","ES","Málaga","2016-01-22T20:52:22+01:00",409.98
"538005","BG","Burgas","2016-01-22T13:41:36+02:00",250.22
"E85243","ES","Seville","2015-12-13T12:59:41+01:00",203.00
"G02729","DE","Bremen","2015-12-18T12:41:33+01:00",322.35
"658507","FR","Strasbourg","2015-12-17T15:37:10+01:00",406.16
"618891","ES","Barcelona","2015-12-08T20:24:31+01:00",40.34
"607844","GB","Edinburgh","2015-12-01T17:42:08+00:00",209.70
"383914","IT","Catania","2015-12-23T20:50:56+01:00",341.46
"145958","IT","Naples","2016-01-22T10:48:05+01:00",287.44
"537989","FR","Marseille","2016-01-22T14:22:50+01:00",277.10
"782204","IT","Florence","2016-01-10T09:27:23+01:00",502.19
"RK17971","GB","Manchester","2016-01-22T10:48:53+00:00",880.63
"667848","IT","Florence","2015-12-28T13:47:48+01:00",398.02
"J22843","FR","Marseille","2016-01-12T19:53:01+01:00",586.21
"608256","ES","Madrid","2016-01-13T13:03:02+01:00",366.66
"644483","BG","Plovdiv","2016-01-23T16:52:44+02:00",260.95
"K82916","ES","Zaragoza","2015-12-16T13:19:13+01:00",59.62
"805980","FR","Marseille","2015-12-30T18:27:18+01:00",585.36
"608256","ES","Madrid","2016-01-06T09:44:20+01:00",366.66
"652456","ES","Málaga","2015-12-15T20:09:19+01:00",146.05
"616734","ES","Bilbao","2015-12-13T20:46:57+01:00",328.85
"X13062","GB","Bristol","2016-01-18T09:57:33+00:00",192.94
"153654","DE","Düsseldorf","2016-01-09T13:47:49+01:00",418.44
"57105","ES","Málaga","2016-01-05T19:17:04+01:00",180.52
"318179","BG","Sofia","2016-01-22T14:58:05+02:00",519.89
"906577","DE","Hamburg","2016-01-05T09:17:54+01:00",292.52
"37452","FR","Nice","2016-01-01T13:03:06+01:00",191.87
"146546","FR","Toulouse","2015-12-17T15:30:25+01:00",279.46
"15183","DE","Frankfurt am Main","2016-01-23T19:57:46+01:00",69.49
"658514","DE","Berlin","2015-12-22T10:12:17+01:00",331.85
"E34909","FR","Toulouse","2015-12-30T11:19:59+01:00",355.56
"218972","IT","Bari","2015-12-12T20:20:19+01:00",521.17
"K41607","ES","Seville","2015-12-19T19:26:24+01:00",29.65
"557428","DE","Hamburg","2015-12-31T17:01:19+01:00",267.42
"14932","DE","Hanover","2015-12-17T14:12:52+01:00",200.85
"G00132","DE","Berlin","2016-01-20T16:04:39+01:00",484.11
"J11328","GB","Manchester","2015-12-14T18:19:25+00:00",754.97
"32858","ES","Madrid","2016-01-10T09:12:38+01:00",271.71
"652456","FR","Nice","2015-12-28T08:59:27+01:00",210.96
"J87884","BG","Varna","2015-12-11T20:23:02+02:00",533.34
"607844","IT","Catania","2016-01-03T11:48:37+01:00",139.80
"146541","ES","Murcia","2015-12-05T16:04:22+01:00",64.51
"J05705","DE","Stuttgart","2016-01-14T17:21:51+01:00",212.91
"G02367","ES","Zaragoza","2016-01-12T16:33:37+01:00",272.59
"873335","DE","Frankfurt am Main","2016-01-12T11:03:09+01:00",476.18
"562319","DE","Bremen","2015-12-16T10:40:59+01:00",174.79
"E18480","GB","Manchester","2016-01-17T09:52:49+00:00",811.13
"G03721","ES","Murcia","2016-01-15T20:46:39+01:00",31.26
"558128","DE","Bremen","2016-01-20T10:40:12+01:00",213.08
"538352","IT","Bari","2015-12-31T15:34:14+01:00",114.04
"545187","ES","Murcia","2015-12-08T12:58:40+01:00",314.98
"U43902","BG","Burgas","2015-12-17T17:18:38+02:00",272.71
"741394","DE","Essen","2016-01-04T18:29:36+01:00",474.13
"K81727","IT","Milan","2015-12-27T15:02:39+01:00",556.99
"44592","GB","Glasgow","2016-01-12T20:45:58+00:00",111.11
"G15163","FR","Paris","2015-12-17T13:09:32+01:00",270.15
"545183","BG","Burgas","2016-01-23T20:43:24+02:00",313.26
"873335","FR","Bordeaux","2016-01-13T12:04:52+01:00",619.03
"153654","GB","Bristol","2015-12-25T11:26:07+00:00",753.19
"E81862","GB","Birmingham","2015-12-18T13:32:45+00:00",541.31
"690673","IT","Rome","2015-12-16T08:37:30+01:00",368.10
"38687","FR","Marseille","2015-12-26T15:24:56+01:00",25.65
"741394","GB","London","2015-12-10T16:31:30+00:00",853.43
"42102","FR","Strasbourg","2015-12-13T15:29:01+01:00",254.49
"618577","BG","Veliko Tarnovo","2015-12-16T12:02:06+02:00",462.46
"G02729","FR","Strasbourg","2015-12-16T12:12:30+01:00",419.06
"G17628","IT","Bari","2016-01-10T14:56:16+01:00",526.85
"K81938","FR","Strasbourg","2015-12-03T10:50:00+01:00",36.57
"145958","DE","Duisburg","2015-12-29T14:46:33+01:00",239.53
"J04077","DE","Leipzig","2015-12-12T20:48:04+01:00",205.80
"15183","GB","Leeds","2015-12-27T16:34:15+00:00",125.08
"J05334","IT","Palermo","2015-12-30T20:35:16+01:00",446.58
"538003","DE","Cologne","2015-12-10T18:29:57+01:00",375.29
"658514","DE","Leipzig","2015-12-27T20:52:57+01:00",331.85
"K81938","GB","Nottingham","2016-01-02T18:39:08+00:00",50.63
"146546","DE","Düsseldorf","2016-01-10T14:31:52+01:00",214.97
"P93519","IT","Florence","2015-12-10T10:43:33+01:00",423.88
"690673","FR","Marseille","2015-12-21T08:15:43+01:00",398.78
"396559","FR","Lyon","2016-01-09T19:24:50+01:00",619.06
"397645","BG","Veliko Tarnovo","2016-01-14T16:14:02+02:00",259.06
"790802","GB","Manchester","2016-01-05T14:49:47+00:00",110.16
"G00130","DE","Leipzig","2016-01-24T19:40:26+01:00",53.87
"617165","BG","Ruse","2015-12-27T10:08:09+02:00",152.10
"950271","ES","Madrid","2016-01-06T08:53:47+01:00",447.71
"41975","GB","Bristol","2016-01-16T15:08:44+00:00",614.38
"G16909","IT","Palermo","2015-12-17T12:58:57+01:00",31.93
"617165","DE","Leipzig","2015-12-10T15:58:23+01:00",134.60
"807426","IT","Rome","2015-12-03T09:22:49+01:00",476.22
"16157","IT","Catania","2015-12-26T19:59:29+01:00",219.10
"X35603","BG","Plovdiv","2015-12-15T20:47:34+02:00",246.48
"145943","IT","Venice-Padua","2016-01-08T09:27:01+01:00",510.53
"41980","BG","Pleven","2015-12-09T17:34:17+02:00",15.67
"G15933","IT","Venice-Padua","2015-12-22T09:07:14+01:00",477.31
"G40388","IT","Bari","2016-01-03T08:35:07+01:00",557.88
"E18480","ES","Barcelona","2016-01-16T16:13:21+01:00",405.57
"G00130","DE","Duisburg","2015-12-02T09:55:02+01:00",53.87
"G18043","IT","Catania","2015-12-02T13:16:04+01:00",424.63
"873335","FR","Bordeaux","2016-01-12T14:00:06+01:00",619.03
"318179","FR","Nice","2016-01-04T13:07:18+01:00",598.10
"661103","BG","Plovdiv","2016-01-23T12:35:55+02:00",168.31
"658507","DE","Nuremberg","2015-12-10T15:27:34+01:00",312.43
"K81938","BG","Varna","2015-12-31T08:37:13+02:00",31.79
"618034","ES","Madrid","2016-01-10T19:31:17+01:00",95.23
"K81727","DE","Munich","2015-12-18T16:21:56+01:00",464.16
"G03721","ES","Bilbao","2016-01-07T12:07:05+01:00",31.26
"G13130","GB","Birmingham","2015-12-04T12:28:54+00:00",203.35
"658507","DE","Munich","2016-01-23T11:15:17+01:00",312.43
"146546","IT","Catania","2016-01-19T20:12:09+01:00",257.96
"618577","DE","Cologne","2015-12-23T10:09:26+01:00",409.26
"791407","ES","Valencia","2016-01-13T10:37:43+01:00",343.75
"545182","IT","Palermo","2016-01-18T20:55:22+01:00",199.45
"545183","IT","Rome","2015-12-09T08:48:31+01:00",332.66
"57105","ES","Seville","2016-01-18T17:54:09+01:00",180.52
"U43752","DE","Essen","2016-01-01T08:58:47+01:00",480.33
"G17598","FR","Nantes","2015-12-29T18:58:02+01:00",225.32
"G13130","ES","Seville","2016-01-23T15:32:52+01:00",101.67
"X13062","DE","Nuremberg","2016-01-23T08:26:14+01:00",107.19
"537998","ES","Barcelona","2015-12-24T09:22:22+01:00",443.49
"741823","ES","Seville","2016-01-20T16:33:36+01:00",295.52
"318179","DE","Berlin","2015-12-24T19:00:25+01:00",460.08
"29604","DE","Berlin","2015-12-01T13:34:04+01:00",183.60
"561729","DE","Essen","2015-12-02T20:01:16+01:00",206.88
"302357","IT","Palermo","2016-01-19T16:50:35+01:00",235.88
"873335","DE","Dortmund","2016-01-04T15:30:03+01:00",476.18
"V39150","IT","Rome","2016-01-13T17:41:27+01:00",131.84
"741394","GB","Nottingham","2015-12-04T08:58:05+00:00",853.43
"661103","GB","Glasgow","2016-01-20T15:31:03+00:00",268.11
"397645","DE","Hanover","2016-01-23T14:21:12+01:00",229.26
"553314","ES","Málaga","2015-12-27T15:06:12+01:00",345.64
"608256","IT","Venice-Padua","2016-01-23T19:54:41+01:00",488.88
"635845","DE","Hanover","2015-12-21T11:59:40+01:00",289.08
"U43752","IT","Florence","2016-01-08T08:46:29+01:00",576.40
"41975","ES","Málaga","2015-12-03T11:20:27+01:00",307.19
"549122","ES","Barcelona","2016-01-21T17:42:11+01:00",270.80
"38687","GB","Leeds","2015-12-02T10:34:49+00:00",35.51
"42102","FR","Lyon","2016-01-19T09:06:51+01:00",254.49
"790802","GB","Glasgow","2016-01-15T17:12:14+00:00",110.16
"791407","ES","Seville","2016-01-03T09:20:22+01:00",343.75
"676135","GB","Manchester","2016-01-24T09:44:23+00:00",491.40
"652456","DE","Cologne","2016-01-09T13:03:41+01:00",162.28
"J84595","DE","Stuttgart","2016-01-14T12:37:55+01:00",230.64
"K11489","ES","Zaragoza","2015-12-04T14:43:10+01:00",165.70
"G02728","ES","Málaga","2016-01-02T14:25:42+01:00",318.53
"611975","IT","Catania","2015-12-13T08:21:08+01:00",240.47
"805980","IT","Florence","2016-01-15T11:45:40+01:00",540.34
"145943","DE","Dortmund","2016-01-15T12:02:48+01:00",425.44
"561729","FR","Marseille","2015-12-03T11:24:37+01:00",268.94
"G00132","DE","Cologne","2016-01-18T09:08:37+01:00",484.11
"617317","FR","Montpellier","2015-12-11T13:20:16+01:00",616.56
"V34848","FR","Lyon","2015-12-25T15:29:40+01:00",308.10
"552581","ES","Zaragoza","2015-12-20T12:19:50+01:00",442.04
"32918","ES","Zaragoza","2016-01-04T15:08:19+01:00",67.47
"370422","IT","Catania","2015-12-10T13:20:17+01:00",39.36
"658507","BG","Ruse","2015-12-28T12:07:14+02:00",353.05
"538007","IT","Naples","2015-12-06T12:16:15+01:00",491.20
"538352","ES","Madrid","2016-01-12T12:45:25+01:00",85.53
"557947","FR","Bordeaux","2015-12-20T15:51:48+01:00",602.60
"558128","ES","Madrid","2015-12-30T20:44:00+01:00",191.77
"318179","ES","Málaga","2016-01-11T15:36:12+01:00",414.07
"790903","BG","Veliko Tarnovo","2016-01-15T13:06:10+02:00",243.01
"89425","FR","Marseille","2015-12-01T08:09:07+01:00",197.14
"616734","BG","Ruse","2016-01-22T16:37:58+02:00",412.89
"E18480","GB","London","2015-12-14T13:31:13+00:00",811.13
"608256","FR","Toulouse","2015-12-16T08:30:54+01:00",529.62
"V43438","DE","Essen","2016-01-22T16:12:57+01:00",21.70
"14932","DE","Cologne","2015-12-15T13:38:32+01:00",200.85
"G15208","IT","Venice-Padua","2015-12-16T15:27:16+01:00",49.27
"537988","ES","Madrid","2016-01-17T12:48:03+01:00",348.34
"873335","ES","Bilbao","2015-12-27T12:41:33+01:00",428.56
"K82916","DE","Dortmund","2016-01-18T13:42:01+01:00",66.25
"G00132","DE","Nuremberg","2015-12-03T13:32:27+01:00",484.11
"32918","FR","Montpellier","2015-12-17T14:50:33+01:00",97.46
"791407","DE","Essen","2015-12-07T18:56:28+01:00",381.94
"G02142","ES","Seville","2016-01-19T20:26:05+01:00",58.51
"89425","GB","Bristol","2016-01-11T13:21:06+00:00",272.97
"G15163","FR","Montpellier","2015-12-26T15:02:53+01:00",270.15
"537998","FR","Nantes","2015-12-30T14:04:13+01:00",640.60
"568093","GB","Edinburgh","2015-12-09T15:52:34+00:00",765.47
"507628","ES","Zaragoza","2016-01-10T16:44:35+01:00",293.05
"790903","GB","Birmingham","2016-01-03T12:10:13+00:00",387.09
"G12702","BG","Burgas","2016-01-13T19:46:41+02:00",181.42
"507628","ES","Barcelona","2015-12-29T18:32:30+01:00",293.05
"218972","GB","Bristol","2016-01-03T12:02:16+00:00",781.76
"218972","GB","Glasgow","2016-01-20T15:46:59+00:00",781.76
"618223","DE","Duisburg","2015-12-15T14:08:53+01:00",144.97
"538352","GB","Nottingham","2016-01-20T18:01:31+00:00",171.05
"537989","DE","Nuremberg","2015-12-01T18:13:03+01:00",213.15
"790903","FR","Paris","2015-12-03T11:13:11+01:00",279.56
"38386","GB","Edinburgh","2015-12-25T18:39:43+00:00",183.73
"37752","DE","Frankfurt am Main","2015-12-28T14:35:36+01:00",434.49
"K82916","BG","Veliko Tarnovo","2015-12-06T12:09:40+02:00",74.86
"537998","ES","Barcelona","2015-12-21T09:52:45+01:00",443.49
"545182","IT","Venice-Padua","2016-01-01T17:04:48+01:00",199.45
"U44197","GB","Manchester","2015-12-16T18:55:45+00:00",524.84
"302357","BG","Plovdiv","2015-12-11T11:08:38+02:00",222.12
"782204","GB","Birmingham","2016-01-20T10:26:46+00:00",753.28
"561712","ES","Murcia","2016-01-06T20:09:14+01:00",43.21
"G17598","FR","Paris","2016-01-22T14:50:27+01:00",225.32
"42259","ES","Bilbao","2015-12-06T14:51:53+01:00",167.21
"791407","FR","Marseille","2016-01-04T17:39:45+01:00",496.52
"618577","GB","Birmingham","2016-01-08T13:52:19+00:00",736.67
"652456","BG","Sofia","2015-12-12T15:49:54+02:00",183.38
"644483","ES","Murcia","2016-01-03T12:52:48+01:00",207.84
"782204","DE","Stuttgart","2015-12-06T15:56:45+01:00",418.49
"561729","DE","Nuremberg","2016-01-04T12:14:10+01:00",206.88
"E34909","FR","Montpellier","2015-12-28T18:20:05+01:00",355.56
"568093","FR","Bordeaux","2015-12-25T17:43:33+01:00",552.84
"614715","IT","Bari","2015-12-07T08:25:04+01:00",47.44
"E85243","DE","Berlin","2015-12-15T19:45:58+01:00",225.55
"671507","IT","Rome","2015-12-16T11:03:42+01:00",133.56
"538002","DE","Bremen","2015-12-11T17:38:07+01:00",50.93
"E85243","GB","Birmingham","2016-01-06T11:30:43+00:00",405.99
"K41623","DE","Stuttgart","2015-12-13T16:08:36+01:00",452.27
"781516","GB","Liverpool","2015-12-02T19:41:31+00:00",832.81
"618577","FR","Strasbourg","2015-12-28T19:00:18+01:00",532.04
"G16908","FR","Lyon","2015-12-29T15:26:04+01:00",552.64
"749131","FR","Paris","2016-01-16T17:30:13+01:00",118.09
"30385","GB","Glasgow","2015-12-18T16:58:17+00:00",661.46
"16157","GB","Liverpool","2015-12-26T10:23:42+00:00",328.64
"34549","DE","Nuremberg","2015-12-13T18:07:00+01:00",348.78
"K11489","DE","Frankfurt am Main","2015-12-10T17:36:49+01:00",184.11
"538009","DE","Berlin","2015-12-30T20:51:03+01:00",415.42
"671507","GB","London","2015-12-05T10:07:58+00:00",200.34
"U43752","ES","Seville","2015-12-02T18:04:31+01:00",432.30
"U43902","FR","Nice","2015-12-30T12:58:15+01:00",313.74
"32858","DE","Cologne","2016-01-03T12:56:27+01:00",301.90
"K81727","GB","Leeds","2015-12-06T14:07:54+00:00",835.49
"671507","ES","Barcelona","2015-12-03T16:59:17+01:00",100.17
"658514","DE","Stuttgart","2015-12-30T18:02:56+01:00",331.85
"67249","DE","Frankfurt am Main","2016-01-17T11:02:55+01:00",408.76
"545187","BG","Burgas","2015-12-29T15:05:57+02:00",395.48
"507813","BG","Burgas","2015-12-07T17:02:30+02:00",212.79
"153775","FR","Marseille","2015-12-27T14:51:59+01:00",593.32
"538007","GB","Bristol","2016-01-12T18:10:05+00:00",736.79
"616734","DE","Stuttgart","2015-12-30T13:05:35+01:00",365.39
"791371","IT","Venice-Padua","2016-01-05T13:57:38+01:00",254.42
"302357","DE","Berlin","2016-01-15T13:43:57+01:00",196.57
"791442","GB","Bristol","2016-01-24T19:38:32+00:00",300.96
"G02142","IT","Naples","2015-12-14T10:28:40+01:00",78.01
"790903","ES","Madrid","2016-01-03T13:34:25+01:00",193.54
"607844","IT","Catania","2016-01-20T10:48:58+01:00",139.80
"791419","IT","Florence","2016-01-21T13:05:47+01:00",590.95
"V22211","GB","Bristol","2015-12-13T15:27:46+00:00",872.03
"534116","GB","London","2015-12-15T08:11:21+00:00",611.26
"462549","DE","Dortmund","2015-12-08T14:16:44+01:00",280.73
"537989","DE","Dortmund","2016-01-12T11:19:41+01:00",213.15
"538007","FR","Nice","2016-01-09T17:49:07+01:00",532.13
"790805","IT","Rome","2016-01-24T09:28:44+01:00",510.06
"545182","BG","Plovdiv","2015-12-15T13:30:08+02:00",187.82
"O12998","IT","Venice-Padua","2016-01-17T16:52:15+01:00",223.00
"790802","DE","Stuttgart","2015-12-29T13:49:05+01:00",61.20
"616906","ES","Málaga","2015-12-22T20:13:26+01:00",174.36
"K82916","DE","Essen","2016-01-08T19:37:18+01:00",66.25
"616906","GB","Leeds","2016-01-24T17:59:35+00:00",348.71
"749131","FR","Strasbourg","2015-12-29T15:19:18+01:00",118.09
"667848","FR","Bordeaux","2016-01-24T12:33:47+01:00",431.18
"652456","DE","Nuremberg","2016-01-09T10:27:17+01:00",162.28
"608256","IT","Naples","2016-01-13T19:24:49+01:00",488.88
"538003","ES","Zaragoza","2015-12-14T08:20:20+01:00",337.76
"K81938","ES","Seville","2015-12-17T18:35:34+01:00",25.32
"57105","FR","Nice","2016-01-23T17:50:24+01:00",260.75
"57105","IT","Florence","2016-01-15T08:36:11+01:00",240.70
"644483","FR","Nantes","2016-01-22T14:00:43+01:00",300.21
"G13433","BG","Pleven","2016-01-17T10:03:41+02:00",67.16
"557947","BG","Burgas","2016-01-05T16:59:22+02:00",523.80
"793989","GB","Birmingham","2016-01-20T19:02:28+00:00",316.31
"790821","FR","Paris","2015-12-23T13:41:10+01:00",231.24
"616906","ES","Zaragoza","2016-01-10T15:10:10+01:00",174.36
"661103","DE","Essen","2016-01-09T16:36:44+01:00",148.95
"608256","FR","Bordeaux","2015-12-25T16:48:33+01:00",529.62
"G02367","IT","Milan","2016-01-16T11:15:49+01:00",363.46
"V39150","GB","Edinburgh","2016-01-01T18:00:51+00:00",197.77
"658507","FR","Toulouse","2015-12-20T11:42:10+01:00",406.16
"781516","IT","Milan","2015-12-28T19:33:23+01:00",555.20
"462549","BG","Varna","2016-01-19T12:32:43+02:00",317.22
"310372","DE","Cologne","2016-01-13T16:20:10+01:00",46.99
"G17628","DE","Frankfurt am Main","2015-12-28T20:17:04+01:00",439.04
"G02142","ES","Barcelona","2016-01-06T15:47:54+01:00",58.51
"557947","GB","Edinburgh","2016-01-13T09:48:36+00:00",834.37
"793989","BG","Pleven","2015-12-18T13:08:53+02:00",198.57
"665648","GB","Manchester","2015-12-26T08:25:42+00:00",575.78
"G18043","DE","Duisburg","2015-12-01T10:41:03+01:00",353.86
"534116","FR","Toulouse","2015-12-16T20:34:14+01:00",441.47
"791419","ES","Málaga","2016-01-17T18:12:25+01:00",443.21
"K81938","BG","Pleven","2016-01-11T09:13:34+02:00",31.79
"741394","DE","Leipzig","2015-12-12T11:01:51+01:00",474.13
"38698","GB","Glasgow","2016-01-24T13:42:55+00:00",363.37
"690673","IT","Bari","2016-01-04T17:11:12+01:00",368.10
"G13433","GB","Bristol","2015-12-12T14:26:15+00:00",106.97
"E81862","DE","Cologne","2015-12-10T09:34:14+01:00",300.73
"682190","DE","Frankfurt am Main","2015-12-17T12:58:00+01:00",420.12
"661642","IT","Catania","2015-12-11T12:17:10+01:00",349.62
"791419","ES","Bilbao","2015-12-26T16:39:39+01:00",443.21
"318179","DE","Hanover","2015-12-16T12:23:41+01:00",460.08
"218972","FR","Marseille","2016-01-19T16:39:36+01:00",564.60
"38687","IT","Milan","2015-12-06T17:25:11+01:00",23.68
"665648","GB","Liverpool","2015-12-22T12:48:51+00:00",575.78
"537998","GB","Liverpool","2015-12-30T08:36:42+00:00",886.99
"671507","IT","Milan","2015-12-03T17:43:02+01:00",133.56
"652456","FR","Nice","2015-12-31T15:15:54+01:00",210.96
"537990","FR","Lyon","2015-12-12T13:36:25+01:00",266.72
"K81727","GB","Manchester","2015-12-26T10:48:49+00:00",835.49
"R586340","FR","Toulouse","2015-12-20T10:00:14+01:00",395.23
"V43438","GB","Birmingham","2015-12-18T17:26:45+00:00",39.06
"790809","IT","Naples","2015-12-13T17:05:45+01:00",261.68
"G16909","FR","Strasbourg","2016-01-20T09:44:38+01:00",34.59
"805980","BG","Veliko Tarnovo","2015-12-11T08:16:04+02:00",508.82
"38698","DE","Essen","2015-12-06T10:25:36+01:00",201.87
"782204","FR","Bordeaux","2016-01-22T19:18:16+01:00",544.04
"532101","ES","Barcelona","2016-01-11T10:11:06+01:00",218.66
"545182","FR","Montpellier","2016-01-02T11:57:23+01:00",216.07
"42102","GB","Leeds","2015-12-16T14:33:46+00:00",352.37
"J11328","BG","Ruse","2015-12-02T15:18:23+02:00",473.96
"RK17971","BG","Pleven","2015-12-25T19:23:43+02:00",552.84
"534116","DE","Hamburg","2015-12-17T13:45:43+01:00",339.59
"29604","IT","Rome","2015-12-17T13:51:37+01:00",220.32
"113899","FR","Nantes","2015-12-26T14:55:18+01:00",163.23
"G02367","DE","Leipzig","2016-01-22T17:06:25+01:00",302.88
"781516","ES","Valencia","2016-01-03T20:52:33+01:00",416.40
"749131","BG","Pleven","2015-12-15T15:03:02+02:00",102.65
"690673","ES","Barcelona","2016-01-09T11:45:29+01:00",276.08
"561729","IT","Venice-Padua","2015-12-21T17:22:44+01:00",248.26
"G44619","IT","Bari","2016-01-06T16:38:42+01:00",450.54
"16589","ES","Madrid","2015-12-08T16:27:46+01:00",364.31
"616734","FR","Marseille","2016-01-11T17:30:22+01:00",475.01
"J22843","BG","Plovdiv","2015-12-04T10:12:19+02:00",509.55
"G44619","GB","Manchester","2015-12-10T10:42:13+00:00",675.81
"658507","DE","Munich","2016-01-15T20:35:02+01:00",312.43
"U44059","FR","Nantes","2016-01-08T17:19:35+01:00",398.37
"14932","GB","Manchester","2015-12-05T11:11:05+00:00",361.53
"G02745","ES","Zaragoza","2016-01-21T15:52:53+01:00",399.20
"32858","ES","Barcelona","2016-01-13T09:51:21+01:00",271.71
"V71388","FR","Bordeaux","2015-12-23T17:52:47+01:00",195.04
"K41623","ES","Barcelona","2015-12-10T15:41:38+01:00",407.04
"37452","GB","London","2015-12-06T08:48:02+00:00",265.66
"612003","GB","Bristol","2016-01-13T10:03:31+00:00",302.58
"G16909","GB","Birmingham","2016-01-09T12:11:41+00:00",47.90
"U43752","ES","Málaga","2016-01-11T15:57:22+01:00",432.30
"538003","GB","Manchester","2016-01-18T09:48:09+00:00",675.52
"790809","BG","Plovdiv","2015-12-24T17:49:54+02:00",246.42
"793989","DE","Duisburg","2016-01-20T08:11:53+01:00",175.73
"31528","FR","Montpellier","2015-12-10T16:35:02+01:00",91.86
"562319","IT","Rome","2015-12-24T19:26:31+01:00",209.75
"507628","FR","Toulouse","2015-12-31T16:00:48+01:00",423.29
"G03721","IT","Rome","2016-01-07T17:03:26+01:00",41.68
"749131","FR","Montpellier","2015-12-29T10:49:35+01:00",118.09
"557428","FR","Toulouse","2015-12-04T12:49:28+01:00",347.65
"561712","DE","Bremen","2015-12-10T15:58:18+01:00",48.01
"950271","GB","Nottingham","2016-01-14T15:23:21+00:00",895.43
"V39150","ES","Bilbao","2015-12-05T08:43:09+01:00",98.88
"G12702","ES","Bilbao","2015-12-05T14:17:30+01:00",144.50
"E81862","BG","Sofia","2016-01-24T08:37:07+02:00",339.82
"K11489","DE","Cologne","2015-12-22T12:39:05+01:00",184.11
"42102","DE","Düsseldorf","2015-12-03T13:29:05+01:00",195.76
"608256","FR","Montpellier","2015-12-27T11:06:05+01:00",529.62
"E17699","DE","Hamburg","2015-12-29T10:37:17+01:00",32.88
"G03721","FR","Montpellier","2016-01-02T08:28:55+01:00",45.15
"G02729","IT","Milan","2015-12-25T10:54:17+01:00",386.82
"G02745","BG","Ruse","2016-01-17T15:46:48+02:00",501.21
"145943","FR","Paris","2015-12-24T09:26:27+01:00",553.07
"617165","FR","Paris","2016-01-21T14:34:59+01:00",174.98
"532101","GB","Nottingham","2015-12-24T14:18:35+00:00",437.33
"612003","ES","Madrid","2015-12-05T15:47:54+01:00",151.29
"U43752","BG","Pleven","2015-12-19T08:04:35+02:00",542.77
"644483","DE","Dortmund","2015-12-06T11:39:16+01:00",230.93
"G17628","DE","Cologne","2016-01-08T15:39:58+01:00",439.04
"790805","DE","Nuremberg","2015-12-27T15:56:29+01:00",425.05
"901799","IT","Milan","2015-12-30T20:46:27+01:00",506.64
"44586","GB","Glasgow","2016-01-01T19:51:27+00:00",596.09
"791442","IT","Milan","2015-12-28T12:12:48+01:00",200.64
"38698","BG","Veliko Tarnovo","2015-12-17T16:57:56+02:00",228.11
"382250","FR","Paris","2015-12-31T16:49:29+01:00",178.05
"G13433","ES","Valencia","2015-12-18T14:58:46+01:00",53.49
"V34848","BG","Varna","2016-01-16T15:37:04+02:00",267.81
"658507","DE","Leipzig","2015-12-13T11:53:05+01:00",312.43
"658507","IT","Venice-Padua","2015-12-26T17:26:07+01:00",374.92
"G13433","IT","Florence","2016-01-19T12:16:24+01:00",71.32
"694894","GB","Manchester","2016-01-14T13:48:46+00:00",874.49
"32858","GB","Leeds","2015-12-09T19:57:13+00:00",543.42
"G02745","IT","Palermo","2016-01-14T14:11:08+01:00",532.26
"E85234","FR","Nantes","2015-12-03T18:45:01+01:00",62.72
"805980","GB","Bristol","2015-12-31T13:29:19+00:00",810.50
"383914","DE","Cologne","2015-12-18T10:12:16+01:00",284.55
"538003","IT","Naples","2015-12-17T16:49:36+01:00",450.35
"741823","DE","Munich","2016-01-15T14:28:10+01:00",328.36
"616734","ES","Bilbao","2015-12-31T09:20:56+01:00",328.85
"113899","GB","Manchester","2016-01-21T13:17:54+00:00",226.01
"153654","IT","Catania","2015-12-05T15:43:57+01:00",502.13
"507813","DE","Essen","2016-01-18T12:56:37+01:00",188.31
"X35603","GB","Glasgow","2015-12-06T16:11:31+00:00",392.62
"462549","BG","Plovdiv","2016-01-08T14:36:28+02:00",317.22
"57105","DE","Berlin","2015-12-15T17:44:46+01:00",200.58
"537990","IT","Palermo","2015-12-01T18:43:09+01:00",246.20
"636391","BG","Plovdiv","2015-12-11T08:57:47+02:00",484.84
"507628","BG","Burgas","2015-12-11T12:18:37+02:00",367.94
"P46319","GB","Leeds","2015-12-05T20:19:47+00:00",397.35
"667848","FR","Marseille","2015-12-19T12:24:55+01:00",431.18
"37752","IT","Naples","2016-01-13T16:34:13+01:00",521.39
"G13130","DE","Dortmund","2016-01-17T15:25:07+01:00",112.97
"950271","FR","Bordeaux","2016-01-19T16:58:03+01:00",646.70
"644483","FR","Montpellier","2015-12-03T13:58:24+01:00",300.21
"545187","ES","Málaga","2015-12-12T08:37:00+01:00",314.98
"41980","FR","Strasbourg","2016-01-12T16:47:45+01:00",18.03
"534120","IT","Venice-Padua","2016-01-09T20:01:43+01:00",347.65
"218962","IT","Bari","2016-01-13T19:23:40+01:00",366.08
"41975","IT","Catania","2016-01-12T10:57:50+01:00",409.58
"34549","ES","Murcia","2015-12-02T14:32:11+01:00",313.90
"G02367","GB","Glasgow","2016-01-12T09:38:36+00:00",545.18
"552581","FR","Nantes","2015-12-17T13:35:08+01:00",638.50
"G12702","DE","Leipzig","2015-12-16T11:45:12+01:00",160.55
"G15163","DE","Nuremberg","2016-01-20T19:30:15+01:00",207.81
"618891","IT","Catania","2016-01-14T10:05:45+01:00",53.78
"38687","FR","Bordeaux","2016-01-21T16:17:35+01:00",25.65
"534116","IT","Naples","2016-01-21T16:46:54+01:00",407.51
"P46319","GB","Glasgow","2015-12-22T09:38:27+00:00",397.35
"E85234","DE","Berlin","2016-01-16T08:43:13+01:00",48.25
"671507","IT","Milan","2016-01-02T17:37:32+01:00",133.56
"537989","DE","Essen","2016-01-09T12:30:42+01:00",213.15
"519041","GB","Bristol","2015-12-31T18:04:07+00:00",521.53
"P93519","IT","Bari","2015-12-17T16:30:03+01:00",423.88
"V34848","ES","Murcia","2015-12-05T10:06:18+01:00",213.30
"145958","DE","Hamburg","2016-01-05T14:09:08+01:00",239.53
"873335","DE","Nuremberg","2016-01-07T12:00:21+01:00",476.18
"873335","DE","Dortmund","2016-01-20T10:54:25+01:00",476.18
"G02142","GB","Nottingham","2015-12-13T15:18:04+00:00",117.02
"568093","BG","Burgas","2016-01-10T19:36:36+02:00",480.54
"568093","IT","Palermo","2016-01-14T14:01:07+01:00",510.31
"99386","GB","Birmingham","2015-12-27T16:24:01+00:00",392.65
"34549","BG","Varna","2015-12-29T20:31:23+02:00",394.12
"32918","FR","Paris","2016-01-20T10:12:35+01:00",97.46
"616906","DE","Dortmund","2016-01-16T17:00:07+01:00",193.73
"781526","GB","Nottingham","2015-12-04T11:33:34+00:00",406.48
"V34848","ES","Madrid","2015-12-26T09:20:45+01:00",213.30
"42102","GB","Nottingham","2016-01-11T11:08:26+00:00",352.37
"40131","GB","Liverpool","2015-12-27T16:00:30+00:00",879.10
"146546","BG","Pleven","2015-12-10T09:19:01+02:00",242.92
"790802","BG","Veliko Tarnovo","2016-01-24T10:03:34+02:00",69.16
"561488","IT","Bari","2016-01-11T20:18:00+01:00",175.96
"791407","IT","Bari","2015-12-25T15:19:27+01:00",458.33
"V43438","BG","Plovdiv","2016-01-04T09:18:59+02:00",24.52
"545182","ES","Madrid","2015-12-21T15:22:52+01:00",149.59
"G02728","GB","Manchester","2015-12-20T09:30:58+00:00",637.06
"40131","ES","Málaga","2016-01-02T19:37:06+01:00",439.55
"558218","FR","Nantes","2015-12-11T16:34:59+01:00",14.87
"E18480","ES","Murcia","2016-01-17T15:38:07+01:00",405.57
"562319","BG","Ruse","2015-12-07T11:13:41+02:00",197.51
"J87884","DE","Nuremberg","2016-01-23T08:37:29+01:00",471.98
"67249","GB","Nottingham","2016-01-24T10:23:38+00:00",735.77
"J04077","GB","Leeds","2016-01-22T15:22:12+00:00",370.44
"G02728","IT","Naples","2016-01-19T08:45:17+01:00",424.70
"P93519","DE","Stuttgart","2015-12-02T12:19:18+01:00",353.23
"K41623","ES","Barcelona","2015-12-17T12:31:01+01:00",407.04
"E17699","GB","Birmingham","2015-12-13T12:29:34+00:00",59.18
"906577","DE","Hamburg","2016-01-11T20:07:23+01:00",292.52
"549122","ES","Bilbao","2016-01-19T10:30:34+01:00",270.80
"561729","DE","Stuttgart","2016-01-20T09:49:59+01:00",206.88
"310372","ES","Murcia","2016-01-04T20:45:59+01:00",42.29
"113899","FR","Paris","2015-12-31T18:31:06+01:00",163.23
"549057","BG","Burgas","2016-01-13T10:07:44+02:00",401.26
"G17628","ES","Valencia","2015-12-18T14:04:01+01:00",395.14
"G13433","BG","Varna","2015-12-05T15:06:30+02:00",67.16
"671507","FR","Bordeaux","2015-12-14T09:30:02+01:00",144.69
"E73835","IT","Bari","2015-12-13T14:38:57+01:00",65.64
"532101","GB","Leeds","2015-12-13T12:52:20+00:00",437.33
"667848","DE","Nuremberg","2015-12-31T17:11:55+01:00",331.68
"K82916","FR","Marseille","2016-01-02T10:06:02+01:00",86.12
"G44619","DE","Hamburg","2016-01-24T17:55:33+01:00",375.45
"G13433","DE","Hanover","2015-12-30T08:10:24+01:00",59.43
"218962","DE","Essen","2015-12-11T19:11:37+01:00",305.07
"V71388","FR","Strasbourg","2015-12-22T19:55:54+01:00",195.04
"G44619","GB","Bristol","2016-01-15T11:52:42+00:00",675.81
"616906","ES","Zaragoza","2016-01-03T11:46:05+01:00",174.36
"618223","IT","Milan","2015-12-04T20:34:57+01:00",173.96
"38687","GB","Edinburgh","2015-12-19T20:33:31+00:00",35.51
"40131","DE","Essen","2016-01-23T14:41:45+01:00",488.39
"K11489","FR","Strasbourg","2015-12-15T12:04:19+01:00",239.34
"J84595","ES","Valencia","2016-01-04T15:38:06+01:00",207.58
"X12277","FR","Toulouse","2016-01-10T12:28:37+01:00",240.36
"G02729","DE","Munich","2016-01-21T18:52:59+01:00",322.35
"552581","GB","Birmingham","2015-12-12T20:25:32+00:00",884.07
"644483","GB","Liverpool","2015-12-11T14:49:28+00:00",415.67
"J84595","DE","Nuremberg","2015-12-16T15:41:10+01:00",230.64
"E34909","ES","Zaragoza","2015-12-05T18:59:40+01:00",246.16
"G16909","IT","Venice-Padua","2015-12-04T19:44:45+01:00",31.93
"608256","FR","Nantes","2015-12-04T14:01:28+01:00",529.62
"781526","BG","Pleven","2016-01-14T19:42:48+02:00",255.18
"665648","IT","Milan","2016-01-06T12:21:03+01:00",383.86
"32858","IT","Bari","2015-12-21T11:01:28+01:00",362.28
"G17628","DE","Essen","2015-12-27T16:56:12+01:00",439.04
"537998","DE","Berlin","2016-01-08T13:24:11+01:00",492.77
"16589","DE","Leipzig","2015-12-14T14:15:46+01:00",404.79
"741394","IT","Naples","2016-01-03T16:19:51+01:00",568.96
"O12998","ES","Seville","2016-01-08T11:28:19+01:00",167.25
"901799","GB","Manchester","2016-01-12T18:48:58+00:00",759.96
"507628","FR","Paris","2015-12-08T17:11:29+01:00",423.29
"534116","BG","Sofia","2015-12-09T14:31:50+02:00",383.74
"16157","DE","Berlin","2015-12-08T10:51:52+01:00",182.58
"RK17936","FR","Nice","2015-12-27T15:22:14+01:00",592.19
"558218","ES","Zaragoza","2015-12-01T08:58:16+01:00",10.30
"U44197","DE","Dortmund","2016-01-24T10:56:04+01:00",291.58
"42102","DE","Leipzig","2015-12-30T18:11:31+01:00",195.76
"G40388","DE","Frankfurt am Main","2015-12-25T16:58:51+01:00",464.90
"790802","DE","Düsseldorf","2015-12-01T08:50:25+01:00",61.20
"G02745","BG","Varna","2015-12-05T16:55:19+02:00",501.21
"383914","GB","Liverpool","2015-12-15T11:30:26+00:00",512.19
"G13130","IT","Florence","2016-01-13T13:24:23+01:00",135.56
"749131","DE","Essen","2016-01-04T13:56:32+01:00",90.84
"V71388","BG","Ruse","2016-01-14T15:14:08+02:00",169.53
"676133","BG","Burgas","2016-01-24T09:49:27+02:00",264.25
"G03721","DE","Duisburg","2015-12-20T20:06:22+01:00",34.73
"612003","DE","Nuremberg","2015-12-20T12:18:22+01:00",168.10
"781516","GB","Leeds","2015-12-14T18:02:11+00:00",832.81
"676133","DE","Leipzig","2016-01-24T16:31:54+01:00",233.85
"57105","GB","Manchester","2016-01-16T17:52:08+00:00",361.04
"538002","DE","Bremen","2016-01-17T20:25:01+01:00",50.93
"561488","BG","Varna","2015-12-06T09:57:25+02:00",165.69
"K81938","BG","Veliko Tarnovo","2015-12-14T19:40:19+02:00",31.79
"781526","DE","Hamburg","2015-12-22T09:12:31+01:00",225.82
"774776","DE","Berlin","2016-01-16T12:27:16+01:00",377.05
"950271","FR","Montpellier","2015-12-12T13:15:22+01:00",646.70
"V39150","FR","Montpellier","2015-12-02T17:47:13+01:00",142.83
"E34909","FR","Montpellier","2015-12-08T17:03:57+01:00",355.56
"146541","DE","Essen","2015-12-16T20:23:09+01:00",71.68
"807426","FR","Montpellier","2015-12-13T19:51:15+01:00",515.90
"537988","DE","Stuttgart","2015-12-20T17:53:12+01:00",387.04
"G15933","BG","Burgas","2015-12-24T15:13:24+02:00",449.47
"G15933","GB","Nottingham","2016-01-14T12:17:29+00:00",715.97
"G40388","FR","Strasbourg","2015-12-24T10:56:05+01:00",604.37
"538007","GB","Edinburgh","2015-12-29T20:22:42+00:00",736.79
"549057","ES","Seville","2016-01-08T08:24:47+01:00",319.59
"X35603","ES","Barcelona","2016-01-18T10:51:37+01:00",196.31
"545187","FR","Marseille","2015-12-31T13:59:39+01:00",454.97
"793989","IT","Bari","2015-12-26T19:03:32+01:00",210.88
"U44059","GB","Edinburgh","2015-12-15T14:55:06+00:00",551.59
"E85243","BG","Ruse","2015-12-17T19:06:37+02:00",254.87
"G16909","BG","Sofia","2016-01-13T19:34:04+02:00",30.07
"G40388","FR","Paris","2015-12-24T16:27:19+01:00",604.37
"X13062","GB","Bristol","2015-12-26T17:07:24+00:00",192.94
"302357","DE","Nuremberg","2015-12-22T10:01:28+01:00",196.57
"781526","BG","Veliko Tarnovo","2016-01-22T18:11:51+02:00",255.18
"532101","IT","Florence","2015-12-30T13:27:48+01:00",291.55
"E85243","BG","Ruse","2016-01-03T14:52:20+02:00",254.87
"676133","GB","Manchester","2015-12-09T20:23:59+00:00",420.93
"507813","GB","Nottingham","2016-01-24T10:27:02+00:00",338.96
"G00132","FR","Nantes","2016-01-22T19:18:59+01:00",629.34
"G02142","FR","Lyon","2016-01-20T19:30:22+01:00",84.51
"G17598","GB","Leeds","2015-12-14T15:26:52+00:00",311.98
"617317","DE","Cologne","2015-12-27T12:07:40+01:00",474.28
"V43438","BG","Burgas","2016-01-10T11:15:43+02:00",24.52
"561488","DE","Berlin","2015-12-21T19:34:58+01:00",146.63
"G00130","GB","London","2015-12-07T15:08:26+00:00",96.97
"607844","DE","Essen","2015-12-05T15:11:03+01:00",116.50
"557428","GB","London","2015-12-28T19:18:05+00:00",481.36
"153654","GB","Bristol","2015-12-22T15:15:58+00:00",753.19
"652456","DE","Nuremberg","2015-12-18T10:51:01+01:00",162.28
"14932","ES","Barcelona","2015-12-09T20:51:54+01:00",180.76
"791419","FR","Montpellier","2015-12-21T18:30:00+01:00",640.20
"J04077","IT","Palermo","2015-12-18T09:22:26+01:00",246.96
"607844","FR","Strasbourg","2015-12-20T18:50:08+01:00",151.45
"397645","IT","Florence","2015-12-24T17:23:43+01:00",275.11
"99386","FR","Lyon","2015-12-10T10:24:55+01:00",283.58
"611975","IT","Naples","2016-01-17T09:27:06+01:00",240.47
"694894","ES","Valencia","2015-12-05T15:17:27+01:00",437.25
"507813","GB","Manchester","2015-12-28T09:25:30+00:00",338.96
"G02728","IT","Milan","2015-12-03T14:35:56+01:00",424.70
"41980","FR","Toulouse","2015-12-19T11:43:00+01:00",18.03
"537988","BG","Veliko Tarnovo","2016-01-13T09:36:59+02:00",437.36
"302357","FR","Marseille","2015-12-22T20:11:23+01:00",255.54
"G18043","IT","Milan","2015-12-29T20:54:16+01:00",424.63
"901799","DE","Dortmund","2015-12-15T13:22:13+01:00",422.20
"537988","ES","Seville","2015-12-15T13:18:49+01:00",348.34
"G13130","DE","Hamburg","2016-01-09T14:39:05+01:00",112.97
"30385","GB","London","2015-12-13T10:07:46+00:00",661.46
"42102","GB","Birmingham","2015-12-14T20:40:33+00:00",352.37
"658514","FR","Bordeaux","2015-12-29T20:27:59+01:00",431.40
"J11328","IT","Naples","2016-01-05T13:14:21+01:00",503.32
"545183","DE","Berlin","2015-12-03T19:05:16+01:00",277.22
"873335","GB","London","2015-12-25T18:26:36+00:00",857.12
"41982","ES","Valencia","2015-12-13T14:11:14+01:00",246.02
"549122","DE","Hamburg","2015-12-24T12:36:56+01:00",300.89
"561729","BG","Burgas","2015-12-11T12:49:32+02:00",233.77
"38698","GB","Manchester","2015-12-21T17:40:22+00:00",363.37
"665648","BG","Plovdiv","2015-12-30T15:04:40+02:00",361.46
"G00132","DE","Düsseldorf","2015-12-08T18:39:24+01:00",484.11
"558128","GB","Glasgow","2015-12-29T16:23:37+00:00",383.54
"538009","DE","Leipzig","2015-12-11T12:30:27+01:00",415.42
"146541","ES","Málaga","2015-12-22T12:50:41+01:00",64.51
"532101","GB","Nottingham","2015-12-31T12:58:51+00:00",437.33
"W07691","GB","Nottingham","2015-12-23T15:03:02+00:00",231.43
"30385","GB","Glasgow","2015-12-28T18:46:40+00:00",661.46
"618891","FR","Strasbourg","2015-12-14T15:18:47+01:00",58.27
"661103","GB","Birmingham","2015-12-23T20:15:00+00:00",268.11
"618577","GB","London","2016-01-07T14:03:40+00:00",736.67
"G44619","BG","Ruse","2015-12-06T13:09:26+02:00",424.26
"537998","FR","Paris","2016-01-13T13:53:40+01:00",640.60
"617165","GB","Leeds","2015-12-17T08:19:33+00:00",242.28
"781834","IT","Florence","2016-01-12T15:42:49+01:00",460.78
"146546","ES","Bilbao","2015-12-20T18:19:29+01:00",193.47
"31528","FR","Paris","2015-12-02T08:25:04+01:00",91.86
"558128","DE","Bremen","2016-01-23T14:02:19+01:00",213.08
"644483","DE","Nuremberg","2015-12-13T15:55:52+01:00",230.93
"538007","ES","Zaragoza","2015-12-20T17:08:38+01:00",368.40
"790805","FR","Montpellier","2016-01-11T13:53:56+01:00",552.56
"537988","DE","Nuremberg","2015-12-23T16:17:17+01:00",387.04
"791419","GB","London","2016-01-14T19:05:38+00:00",886.43
"32918","BG","Ruse","2015-12-28T14:59:05+02:00",84.72
"790809","DE","Dortmund","2015-12-04T18:30:46+01:00",218.07
"749131","DE","Stuttgart","2015-12-12T17:04:05+01:00",90.84
"741394","FR","Marseille","2016-01-11T16:15:27+01:00",616.37
"J04077","ES","Valencia","2015-12-31T12:11:32+01:00",185.22
"545187","IT","Milan","2016-01-12T14:31:12+01:00",419.98
"558218","BG","Burgas","2015-12-19T20:38:15+02:00",12.93
"G12702","DE","Nuremberg","2015-12-04T15:48:27+01:00",160.55
"462549","BG","Plovdiv","2016-01-15T18:43:10+02:00",317.22
"552583","DE","Munich","2015-12-23T15:21:47+01:00",53.86
"538352","DE","Munich","2015-12-09T14:57:34+01:00",95.03
"145943","DE","Munich","2016-01-21T19:37:09+01:00",425.44
"549122","FR","Nice","2015-12-14T13:08:09+01:00",391.16
"G40388","FR","Bordeaux","2016-01-16T18:33:46+01:00",604.37
"U43902","FR","Strasbourg","2016-01-08T14:48:19+01:00",313.74
"61016","IT","Naples","2015-12-26T16:23:47+01:00",543.06
